path,true,pred,confidence
data\trashnet\dataset-resized\cardboard\cardboard1.jpg,cardboard,cardboard,0.9982522130012512
data\trashnet\dataset-resized\cardboard\cardboard10.jpg,cardboard,cardboard,0.9980694651603699
data\trashnet\dataset-resized\cardboard\cardboard100.jpg,cardboard,cardboard,0.9966146349906921
data\trashnet\dataset-resized\cardboard\cardboard101.jpg,cardboard,cardboard,0.999868631362915
data\trashnet\dataset-resized\cardboard\cardboard102.jpg,cardboard,cardboard,0.9630824327468872
data\trashnet\dataset-resized\cardboard\cardboard103.jpg,cardboard,cardboard,0.9999834299087524
data\trashnet\dataset-resized\cardboard\cardboard104.jpg,cardboard,cardboard,0.9613502621650696
data\trashnet\dataset-resized\cardboard\cardboard105.jpg,cardboard,cardboard,0.4894891083240509
data\trashnet\dataset-resized\cardboard\cardboard106.jpg,cardboard,cardboard,0.8735737204551697
data\trashnet\dataset-resized\cardboard\cardboard107.jpg,cardboard,cardboard,0.9935411214828491
data\trashnet\dataset-resized\cardboard\cardboard108.jpg,cardboard,cardboard,0.993909478187561
data\trashnet\dataset-resized\cardboard\cardboard109.jpg,cardboard,cardboard,0.9997157454490662
data\trashnet\dataset-resized\cardboard\cardboard11.jpg,cardboard,cardboard,0.9885707497596741
data\trashnet\dataset-resized\cardboard\cardboard110.jpg,cardboard,cardboard,0.9967982172966003
data\trashnet\dataset-resized\cardboard\cardboard111.jpg,cardboard,cardboard,0.9558557271957397
data\trashnet\dataset-resized\cardboard\cardboard112.jpg,cardboard,cardboard,0.7583898305892944
data\trashnet\dataset-resized\cardboard\cardboard113.jpg,cardboard,cardboard,0.9968891739845276
data\trashnet\dataset-resized\cardboard\cardboard114.jpg,cardboard,cardboard,0.9999809265136719
data\trashnet\dataset-resized\cardboard\cardboard115.jpg,cardboard,cardboard,0.999954104423523
data\trashnet\dataset-resized\cardboard\cardboard116.jpg,cardboard,cardboard,0.9999890327453613
data\trashnet\dataset-resized\cardboard\cardboard117.jpg,cardboard,cardboard,0.9997062087059021
data\trashnet\dataset-resized\cardboard\cardboard118.jpg,cardboard,cardboard,0.8488094210624695
data\trashnet\dataset-resized\cardboard\cardboard119.jpg,cardboard,cardboard,0.993700385093689
data\trashnet\dataset-resized\cardboard\cardboard12.jpg,cardboard,cardboard,0.9996402263641357
data\trashnet\dataset-resized\cardboard\cardboard120.jpg,cardboard,cardboard,0.9946476817131042
data\trashnet\dataset-resized\cardboard\cardboard121.jpg,cardboard,plastic,0.7166224718093872
data\trashnet\dataset-resized\cardboard\cardboard122.jpg,cardboard,cardboard,0.7374813556671143
data\trashnet\dataset-resized\cardboard\cardboard123.jpg,cardboard,cardboard,0.6255269050598145
data\trashnet\dataset-resized\cardboard\cardboard124.jpg,cardboard,cardboard,0.9940701127052307
data\trashnet\dataset-resized\cardboard\cardboard125.jpg,cardboard,cardboard,0.9605602025985718
data\trashnet\dataset-resized\cardboard\cardboard126.jpg,cardboard,cardboard,0.9870330095291138
data\trashnet\dataset-resized\cardboard\cardboard127.jpg,cardboard,cardboard,0.9984291195869446
data\trashnet\dataset-resized\cardboard\cardboard128.jpg,cardboard,cardboard,0.9255171418190002
data\trashnet\dataset-resized\cardboard\cardboard129.jpg,cardboard,cardboard,0.7152613997459412
data\trashnet\dataset-resized\cardboard\cardboard13.jpg,cardboard,cardboard,0.9987125396728516
data\trashnet\dataset-resized\cardboard\cardboard130.jpg,cardboard,cardboard,0.9963311553001404
data\trashnet\dataset-resized\cardboard\cardboard131.jpg,cardboard,cardboard,0.9965380430221558
data\trashnet\dataset-resized\cardboard\cardboard132.jpg,cardboard,cardboard,0.9995629191398621
data\trashnet\dataset-resized\cardboard\cardboard133.jpg,cardboard,cardboard,0.9999511241912842
data\trashnet\dataset-resized\cardboard\cardboard134.jpg,cardboard,cardboard,0.9970064759254456
data\trashnet\dataset-resized\cardboard\cardboard135.jpg,cardboard,cardboard,0.9997414946556091
data\trashnet\dataset-resized\cardboard\cardboard136.jpg,cardboard,cardboard,0.9997038245201111
data\trashnet\dataset-resized\cardboard\cardboard137.jpg,cardboard,cardboard,0.9976546764373779
data\trashnet\dataset-resized\cardboard\cardboard138.jpg,cardboard,cardboard,0.9952109456062317
data\trashnet\dataset-resized\cardboard\cardboard139.jpg,cardboard,cardboard,0.9650020003318787
data\trashnet\dataset-resized\cardboard\cardboard14.jpg,cardboard,cardboard,0.9999802112579346
data\trashnet\dataset-resized\cardboard\cardboard140.jpg,cardboard,cardboard,0.8369952440261841
data\trashnet\dataset-resized\cardboard\cardboard141.jpg,cardboard,cardboard,0.9223155975341797
data\trashnet\dataset-resized\cardboard\cardboard142.jpg,cardboard,cardboard,0.9775298833847046
data\trashnet\dataset-resized\cardboard\cardboard143.jpg,cardboard,paper,0.937690019607544
data\trashnet\dataset-resized\cardboard\cardboard144.jpg,cardboard,paper,0.6086109280586243
data\trashnet\dataset-resized\cardboard\cardboard145.jpg,cardboard,cardboard,0.9683471322059631
data\trashnet\dataset-resized\cardboard\cardboard146.jpg,cardboard,cardboard,0.999895453453064
data\trashnet\dataset-resized\cardboard\cardboard147.jpg,cardboard,cardboard,0.9999775886535645
data\trashnet\dataset-resized\cardboard\cardboard148.jpg,cardboard,cardboard,0.999047577381134
data\trashnet\dataset-resized\cardboard\cardboard149.jpg,cardboard,cardboard,0.9999693632125854
data\trashnet\dataset-resized\cardboard\cardboard15.jpg,cardboard,cardboard,0.9088801741600037
data\trashnet\dataset-resized\cardboard\cardboard150.jpg,cardboard,cardboard,0.5750159621238708
data\trashnet\dataset-resized\cardboard\cardboard151.jpg,cardboard,paper,0.851784348487854
data\trashnet\dataset-resized\cardboard\cardboard152.jpg,cardboard,paper,0.6996188163757324
data\trashnet\dataset-resized\cardboard\cardboard153.jpg,cardboard,paper,0.761451780796051
data\trashnet\dataset-resized\cardboard\cardboard154.jpg,cardboard,cardboard,0.951590895652771
data\trashnet\dataset-resized\cardboard\cardboard155.jpg,cardboard,cardboard,0.9975892305374146
data\trashnet\dataset-resized\cardboard\cardboard156.jpg,cardboard,cardboard,0.9999837875366211
data\trashnet\dataset-resized\cardboard\cardboard157.jpg,cardboard,cardboard,0.9990615248680115
data\trashnet\dataset-resized\cardboard\cardboard158.jpg,cardboard,cardboard,0.9979623556137085
data\trashnet\dataset-resized\cardboard\cardboard159.jpg,cardboard,cardboard,0.9999665021896362
data\trashnet\dataset-resized\cardboard\cardboard16.jpg,cardboard,cardboard,0.9999958276748657
data\trashnet\dataset-resized\cardboard\cardboard160.jpg,cardboard,cardboard,0.9997603297233582
data\trashnet\dataset-resized\cardboard\cardboard161.jpg,cardboard,cardboard,0.5781083703041077
data\trashnet\dataset-resized\cardboard\cardboard162.jpg,cardboard,plastic,0.8697938919067383
data\trashnet\dataset-resized\cardboard\cardboard163.jpg,cardboard,plastic,0.6583493947982788
data\trashnet\dataset-resized\cardboard\cardboard164.jpg,cardboard,cardboard,0.9997629523277283
data\trashnet\dataset-resized\cardboard\cardboard165.jpg,cardboard,cardboard,0.9999067783355713
data\trashnet\dataset-resized\cardboard\cardboard166.jpg,cardboard,trash,0.7592071294784546
data\trashnet\dataset-resized\cardboard\cardboard167.jpg,cardboard,cardboard,0.7992516756057739
data\trashnet\dataset-resized\cardboard\cardboard168.jpg,cardboard,cardboard,0.9998034834861755
data\trashnet\dataset-resized\cardboard\cardboard169.jpg,cardboard,plastic,0.9105880260467529
data\trashnet\dataset-resized\cardboard\cardboard17.jpg,cardboard,cardboard,0.9921412467956543
data\trashnet\dataset-resized\cardboard\cardboard170.jpg,cardboard,cardboard,0.9998509883880615
data\trashnet\dataset-resized\cardboard\cardboard171.jpg,cardboard,metal,0.45497214794158936
data\trashnet\dataset-resized\cardboard\cardboard172.jpg,cardboard,cardboard,0.9909795522689819
data\trashnet\dataset-resized\cardboard\cardboard173.jpg,cardboard,cardboard,0.9851502776145935
data\trashnet\dataset-resized\cardboard\cardboard174.jpg,cardboard,cardboard,0.9999889135360718
data\trashnet\dataset-resized\cardboard\cardboard175.jpg,cardboard,cardboard,0.8939173221588135
data\trashnet\dataset-resized\cardboard\cardboard176.jpg,cardboard,plastic,0.7290121912956238
data\trashnet\dataset-resized\cardboard\cardboard177.jpg,cardboard,cardboard,0.9131919741630554
data\trashnet\dataset-resized\cardboard\cardboard178.jpg,cardboard,cardboard,0.995662271976471
data\trashnet\dataset-resized\cardboard\cardboard179.jpg,cardboard,cardboard,0.990805447101593
data\trashnet\dataset-resized\cardboard\cardboard18.jpg,cardboard,cardboard,0.9953807592391968
data\trashnet\dataset-resized\cardboard\cardboard180.jpg,cardboard,cardboard,0.9999746084213257
data\trashnet\dataset-resized\cardboard\cardboard181.jpg,cardboard,cardboard,0.998788058757782
data\trashnet\dataset-resized\cardboard\cardboard182.jpg,cardboard,cardboard,0.997645914554596
data\trashnet\dataset-resized\cardboard\cardboard183.jpg,cardboard,cardboard,0.9987198114395142
data\trashnet\dataset-resized\cardboard\cardboard184.jpg,cardboard,cardboard,0.9992530941963196
data\trashnet\dataset-resized\cardboard\cardboard185.jpg,cardboard,cardboard,0.9832536578178406
data\trashnet\dataset-resized\cardboard\cardboard186.jpg,cardboard,cardboard,0.9987894892692566
data\trashnet\dataset-resized\cardboard\cardboard187.jpg,cardboard,cardboard,0.9998201727867126
data\trashnet\dataset-resized\cardboard\cardboard188.jpg,cardboard,cardboard,0.9985384941101074
data\trashnet\dataset-resized\cardboard\cardboard189.jpg,cardboard,cardboard,0.8834915161132812
data\trashnet\dataset-resized\cardboard\cardboard19.jpg,cardboard,cardboard,0.9999507665634155
data\trashnet\dataset-resized\cardboard\cardboard190.jpg,cardboard,plastic,0.7646952867507935
data\trashnet\dataset-resized\cardboard\cardboard191.jpg,cardboard,cardboard,0.8217991590499878
data\trashnet\dataset-resized\cardboard\cardboard192.jpg,cardboard,cardboard,0.8829850554466248
data\trashnet\dataset-resized\cardboard\cardboard193.jpg,cardboard,cardboard,0.9997919201850891
data\trashnet\dataset-resized\cardboard\cardboard194.jpg,cardboard,cardboard,0.9999402761459351
data\trashnet\dataset-resized\cardboard\cardboard195.jpg,cardboard,cardboard,0.9704827070236206
data\trashnet\dataset-resized\cardboard\cardboard196.jpg,cardboard,cardboard,0.9998650550842285
data\trashnet\dataset-resized\cardboard\cardboard197.jpg,cardboard,cardboard,0.9999154806137085
data\trashnet\dataset-resized\cardboard\cardboard198.jpg,cardboard,cardboard,0.9995831847190857
data\trashnet\dataset-resized\cardboard\cardboard199.jpg,cardboard,cardboard,0.9992734789848328
data\trashnet\dataset-resized\cardboard\cardboard2.jpg,cardboard,cardboard,0.9477593898773193
data\trashnet\dataset-resized\cardboard\cardboard20.jpg,cardboard,cardboard,0.9965465664863586
data\trashnet\dataset-resized\cardboard\cardboard200.jpg,cardboard,cardboard,0.9999390840530396
data\trashnet\dataset-resized\cardboard\cardboard201.jpg,cardboard,cardboard,0.999646782875061
data\trashnet\dataset-resized\cardboard\cardboard202.jpg,cardboard,cardboard,0.9997908473014832
data\trashnet\dataset-resized\cardboard\cardboard203.jpg,cardboard,cardboard,0.9984468817710876
data\trashnet\dataset-resized\cardboard\cardboard204.jpg,cardboard,cardboard,0.9998212456703186
data\trashnet\dataset-resized\cardboard\cardboard205.jpg,cardboard,cardboard,0.9899824261665344
data\trashnet\dataset-resized\cardboard\cardboard206.jpg,cardboard,cardboard,0.9947478175163269
data\trashnet\dataset-resized\cardboard\cardboard207.jpg,cardboard,cardboard,0.9996204376220703
data\trashnet\dataset-resized\cardboard\cardboard208.jpg,cardboard,cardboard,0.9993475079536438
data\trashnet\dataset-resized\cardboard\cardboard209.jpg,cardboard,cardboard,0.9999772310256958
data\trashnet\dataset-resized\cardboard\cardboard21.jpg,cardboard,cardboard,0.994666337966919
data\trashnet\dataset-resized\cardboard\cardboard210.jpg,cardboard,cardboard,0.9996067881584167
data\trashnet\dataset-resized\cardboard\cardboard211.jpg,cardboard,cardboard,0.9958586096763611
data\trashnet\dataset-resized\cardboard\cardboard212.jpg,cardboard,cardboard,0.9313806891441345
data\trashnet\dataset-resized\cardboard\cardboard213.jpg,cardboard,cardboard,0.999512791633606
data\trashnet\dataset-resized\cardboard\cardboard214.jpg,cardboard,cardboard,0.994425892829895
data\trashnet\dataset-resized\cardboard\cardboard215.jpg,cardboard,cardboard,0.9978653788566589
data\trashnet\dataset-resized\cardboard\cardboard216.jpg,cardboard,cardboard,0.9429053068161011
data\trashnet\dataset-resized\cardboard\cardboard217.jpg,cardboard,cardboard,0.9794249534606934
data\trashnet\dataset-resized\cardboard\cardboard218.jpg,cardboard,cardboard,0.7377192378044128
data\trashnet\dataset-resized\cardboard\cardboard219.jpg,cardboard,cardboard,0.9404862523078918
data\trashnet\dataset-resized\cardboard\cardboard22.jpg,cardboard,cardboard,0.9996538162231445
data\trashnet\dataset-resized\cardboard\cardboard220.jpg,cardboard,cardboard,0.954288899898529
data\trashnet\dataset-resized\cardboard\cardboard221.jpg,cardboard,cardboard,0.9998799562454224
data\trashnet\dataset-resized\cardboard\cardboard222.jpg,cardboard,cardboard,0.9999796152114868
data\trashnet\dataset-resized\cardboard\cardboard223.jpg,cardboard,cardboard,0.9974883794784546
data\trashnet\dataset-resized\cardboard\cardboard224.jpg,cardboard,cardboard,0.9560602307319641
data\trashnet\dataset-resized\cardboard\cardboard225.jpg,cardboard,cardboard,0.9948793649673462
data\trashnet\dataset-resized\cardboard\cardboard226.jpg,cardboard,cardboard,0.9999474287033081
data\trashnet\dataset-resized\cardboard\cardboard227.jpg,cardboard,cardboard,0.9978784322738647
data\trashnet\dataset-resized\cardboard\cardboard228.jpg,cardboard,cardboard,0.9999743700027466
data\trashnet\dataset-resized\cardboard\cardboard229.jpg,cardboard,cardboard,0.5299850702285767
data\trashnet\dataset-resized\cardboard\cardboard23.jpg,cardboard,cardboard,0.9718989133834839
data\trashnet\dataset-resized\cardboard\cardboard230.jpg,cardboard,cardboard,0.9962790608406067
data\trashnet\dataset-resized\cardboard\cardboard231.jpg,cardboard,cardboard,0.9706438779830933
data\trashnet\dataset-resized\cardboard\cardboard232.jpg,cardboard,cardboard,0.9995377063751221
data\trashnet\dataset-resized\cardboard\cardboard233.jpg,cardboard,cardboard,0.9993725419044495
data\trashnet\dataset-resized\cardboard\cardboard234.jpg,cardboard,cardboard,0.9954645037651062
data\trashnet\dataset-resized\cardboard\cardboard235.jpg,cardboard,cardboard,0.9887493848800659
data\trashnet\dataset-resized\cardboard\cardboard236.jpg,cardboard,paper,0.6201331615447998
data\trashnet\dataset-resized\cardboard\cardboard237.jpg,cardboard,cardboard,0.9984784722328186
data\trashnet\dataset-resized\cardboard\cardboard238.jpg,cardboard,cardboard,0.9982155561447144
data\trashnet\dataset-resized\cardboard\cardboard239.jpg,cardboard,plastic,0.5009874105453491
data\trashnet\dataset-resized\cardboard\cardboard24.jpg,cardboard,cardboard,0.9896273612976074
data\trashnet\dataset-resized\cardboard\cardboard240.jpg,cardboard,cardboard,0.986456036567688
data\trashnet\dataset-resized\cardboard\cardboard241.jpg,cardboard,cardboard,0.983414351940155
data\trashnet\dataset-resized\cardboard\cardboard242.jpg,cardboard,trash,0.7029609680175781
data\trashnet\dataset-resized\cardboard\cardboard243.jpg,cardboard,cardboard,0.99505215883255
data\trashnet\dataset-resized\cardboard\cardboard244.jpg,cardboard,cardboard,0.9945957064628601
data\trashnet\dataset-resized\cardboard\cardboard245.jpg,cardboard,cardboard,0.9944226145744324
data\trashnet\dataset-resized\cardboard\cardboard246.jpg,cardboard,cardboard,0.9973301887512207
data\trashnet\dataset-resized\cardboard\cardboard247.jpg,cardboard,cardboard,0.9496597051620483
data\trashnet\dataset-resized\cardboard\cardboard248.jpg,cardboard,cardboard,0.9809027910232544
data\trashnet\dataset-resized\cardboard\cardboard249.jpg,cardboard,cardboard,0.9923086166381836
data\trashnet\dataset-resized\cardboard\cardboard25.jpg,cardboard,cardboard,0.9986504912376404
data\trashnet\dataset-resized\cardboard\cardboard250.jpg,cardboard,cardboard,0.9988823533058167
data\trashnet\dataset-resized\cardboard\cardboard251.jpg,cardboard,cardboard,0.9999575614929199
data\trashnet\dataset-resized\cardboard\cardboard252.jpg,cardboard,cardboard,0.9640896916389465
data\trashnet\dataset-resized\cardboard\cardboard253.jpg,cardboard,cardboard,0.9939536452293396
data\trashnet\dataset-resized\cardboard\cardboard254.jpg,cardboard,cardboard,0.5683170557022095
data\trashnet\dataset-resized\cardboard\cardboard255.jpg,cardboard,cardboard,0.9581262469291687
data\trashnet\dataset-resized\cardboard\cardboard256.jpg,cardboard,cardboard,0.9959757924079895
data\trashnet\dataset-resized\cardboard\cardboard257.jpg,cardboard,plastic,0.8780252933502197
data\trashnet\dataset-resized\cardboard\cardboard258.jpg,cardboard,cardboard,0.8716786503791809
data\trashnet\dataset-resized\cardboard\cardboard259.jpg,cardboard,cardboard,0.9995121955871582
data\trashnet\dataset-resized\cardboard\cardboard26.jpg,cardboard,cardboard,0.9999797344207764
data\trashnet\dataset-resized\cardboard\cardboard260.jpg,cardboard,cardboard,0.9990940093994141
data\trashnet\dataset-resized\cardboard\cardboard261.jpg,cardboard,cardboard,0.9644067883491516
data\trashnet\dataset-resized\cardboard\cardboard262.jpg,cardboard,cardboard,0.9998422861099243
data\trashnet\dataset-resized\cardboard\cardboard263.jpg,cardboard,cardboard,0.9975489974021912
data\trashnet\dataset-resized\cardboard\cardboard264.jpg,cardboard,cardboard,0.9208239912986755
data\trashnet\dataset-resized\cardboard\cardboard265.jpg,cardboard,cardboard,0.9893853068351746
data\trashnet\dataset-resized\cardboard\cardboard266.jpg,cardboard,plastic,0.7075493931770325
data\trashnet\dataset-resized\cardboard\cardboard267.jpg,cardboard,cardboard,0.7633122205734253
data\trashnet\dataset-resized\cardboard\cardboard268.jpg,cardboard,paper,0.43323013186454773
data\trashnet\dataset-resized\cardboard\cardboard269.jpg,cardboard,cardboard,0.9446080923080444
data\trashnet\dataset-resized\cardboard\cardboard27.jpg,cardboard,cardboard,0.9970383644104004
data\trashnet\dataset-resized\cardboard\cardboard270.jpg,cardboard,cardboard,0.999846339225769
data\trashnet\dataset-resized\cardboard\cardboard271.jpg,cardboard,cardboard,0.9982390403747559
data\trashnet\dataset-resized\cardboard\cardboard272.jpg,cardboard,cardboard,0.951285183429718
data\trashnet\dataset-resized\cardboard\cardboard273.jpg,cardboard,paper,0.6958672404289246
data\trashnet\dataset-resized\cardboard\cardboard274.jpg,cardboard,cardboard,0.9280151128768921
data\trashnet\dataset-resized\cardboard\cardboard275.jpg,cardboard,cardboard,0.9999827146530151
data\trashnet\dataset-resized\cardboard\cardboard276.jpg,cardboard,plastic,0.520279586315155
data\trashnet\dataset-resized\cardboard\cardboard277.jpg,cardboard,trash,0.5304479002952576
data\trashnet\dataset-resized\cardboard\cardboard278.jpg,cardboard,cardboard,0.9984099864959717
data\trashnet\dataset-resized\cardboard\cardboard279.jpg,cardboard,paper,0.538654625415802
data\trashnet\dataset-resized\cardboard\cardboard28.jpg,cardboard,cardboard,0.9994230270385742
data\trashnet\dataset-resized\cardboard\cardboard280.jpg,cardboard,cardboard,0.999813973903656
data\trashnet\dataset-resized\cardboard\cardboard281.jpg,cardboard,cardboard,0.9969911575317383
data\trashnet\dataset-resized\cardboard\cardboard282.jpg,cardboard,cardboard,0.9991803765296936
data\trashnet\dataset-resized\cardboard\cardboard283.jpg,cardboard,cardboard,0.9962946772575378
data\trashnet\dataset-resized\cardboard\cardboard284.jpg,cardboard,cardboard,0.9996839761734009
data\trashnet\dataset-resized\cardboard\cardboard285.jpg,cardboard,cardboard,0.7778889536857605
data\trashnet\dataset-resized\cardboard\cardboard286.jpg,cardboard,paper,0.4730888605117798
data\trashnet\dataset-resized\cardboard\cardboard287.jpg,cardboard,cardboard,0.998420238494873
data\trashnet\dataset-resized\cardboard\cardboard288.jpg,cardboard,cardboard,0.9997825026512146
data\trashnet\dataset-resized\cardboard\cardboard289.jpg,cardboard,cardboard,0.9837570786476135
data\trashnet\dataset-resized\cardboard\cardboard29.jpg,cardboard,cardboard,0.993790328502655
data\trashnet\dataset-resized\cardboard\cardboard290.jpg,cardboard,plastic,0.6413988471031189
data\trashnet\dataset-resized\cardboard\cardboard291.jpg,cardboard,cardboard,0.9117717146873474
data\trashnet\dataset-resized\cardboard\cardboard292.jpg,cardboard,cardboard,0.9971317052841187
data\trashnet\dataset-resized\cardboard\cardboard293.jpg,cardboard,cardboard,0.9999868869781494
data\trashnet\dataset-resized\cardboard\cardboard294.jpg,cardboard,cardboard,0.975354790687561
data\trashnet\dataset-resized\cardboard\cardboard295.jpg,cardboard,cardboard,0.999046266078949
data\trashnet\dataset-resized\cardboard\cardboard296.jpg,cardboard,cardboard,0.6820873618125916
data\trashnet\dataset-resized\cardboard\cardboard297.jpg,cardboard,cardboard,0.9911547899246216
data\trashnet\dataset-resized\cardboard\cardboard298.jpg,cardboard,cardboard,0.9387529492378235
data\trashnet\dataset-resized\cardboard\cardboard299.jpg,cardboard,cardboard,0.9965006113052368
data\trashnet\dataset-resized\cardboard\cardboard3.jpg,cardboard,cardboard,0.9731878638267517
data\trashnet\dataset-resized\cardboard\cardboard30.jpg,cardboard,cardboard,0.9474524855613708
data\trashnet\dataset-resized\cardboard\cardboard300.jpg,cardboard,cardboard,0.9909693598747253
data\trashnet\dataset-resized\cardboard\cardboard301.jpg,cardboard,cardboard,0.9969742298126221
data\trashnet\dataset-resized\cardboard\cardboard302.jpg,cardboard,paper,0.6361418962478638
data\trashnet\dataset-resized\cardboard\cardboard303.jpg,cardboard,cardboard,0.999026894569397
data\trashnet\dataset-resized\cardboard\cardboard304.jpg,cardboard,cardboard,0.5653052926063538
data\trashnet\dataset-resized\cardboard\cardboard305.jpg,cardboard,cardboard,0.9999802112579346
data\trashnet\dataset-resized\cardboard\cardboard306.jpg,cardboard,cardboard,0.9972344040870667
data\trashnet\dataset-resized\cardboard\cardboard307.jpg,cardboard,cardboard,0.9990838766098022
data\trashnet\dataset-resized\cardboard\cardboard308.jpg,cardboard,cardboard,0.8560212254524231
data\trashnet\dataset-resized\cardboard\cardboard309.jpg,cardboard,cardboard,0.9999315738677979
data\trashnet\dataset-resized\cardboard\cardboard31.jpg,cardboard,cardboard,0.9996602535247803
data\trashnet\dataset-resized\cardboard\cardboard310.jpg,cardboard,cardboard,0.9996083378791809
data\trashnet\dataset-resized\cardboard\cardboard311.jpg,cardboard,cardboard,0.7164056301116943
data\trashnet\dataset-resized\cardboard\cardboard312.jpg,cardboard,cardboard,0.9985392093658447
data\trashnet\dataset-resized\cardboard\cardboard313.jpg,cardboard,cardboard,0.9979984164237976
data\trashnet\dataset-resized\cardboard\cardboard314.jpg,cardboard,cardboard,0.9981802701950073
data\trashnet\dataset-resized\cardboard\cardboard315.jpg,cardboard,cardboard,0.989649772644043
data\trashnet\dataset-resized\cardboard\cardboard316.jpg,cardboard,cardboard,0.7890906929969788
data\trashnet\dataset-resized\cardboard\cardboard317.jpg,cardboard,cardboard,0.9982315897941589
data\trashnet\dataset-resized\cardboard\cardboard318.jpg,cardboard,cardboard,0.9856439828872681
data\trashnet\dataset-resized\cardboard\cardboard319.jpg,cardboard,cardboard,0.9505549073219299
data\trashnet\dataset-resized\cardboard\cardboard32.jpg,cardboard,cardboard,0.912392795085907
data\trashnet\dataset-resized\cardboard\cardboard320.jpg,cardboard,cardboard,0.999997615814209
data\trashnet\dataset-resized\cardboard\cardboard321.jpg,cardboard,cardboard,0.9886379837989807
data\trashnet\dataset-resized\cardboard\cardboard322.jpg,cardboard,cardboard,0.9998979568481445
data\trashnet\dataset-resized\cardboard\cardboard323.jpg,cardboard,cardboard,0.5310448408126831
data\trashnet\dataset-resized\cardboard\cardboard324.jpg,cardboard,cardboard,0.9993705153465271
data\trashnet\dataset-resized\cardboard\cardboard325.jpg,cardboard,cardboard,0.9961666464805603
data\trashnet\dataset-resized\cardboard\cardboard326.jpg,cardboard,cardboard,0.9920263886451721
data\trashnet\dataset-resized\cardboard\cardboard327.jpg,cardboard,cardboard,0.9996393918991089
data\trashnet\dataset-resized\cardboard\cardboard328.jpg,cardboard,paper,0.5382897853851318
data\trashnet\dataset-resized\cardboard\cardboard329.jpg,cardboard,cardboard,0.9880664348602295
data\trashnet\dataset-resized\cardboard\cardboard33.jpg,cardboard,cardboard,0.5577539801597595
data\trashnet\dataset-resized\cardboard\cardboard330.jpg,cardboard,plastic,0.6477677226066589
data\trashnet\dataset-resized\cardboard\cardboard331.jpg,cardboard,cardboard,0.9548048377037048
data\trashnet\dataset-resized\cardboard\cardboard332.jpg,cardboard,cardboard,0.9978451728820801
data\trashnet\dataset-resized\cardboard\cardboard333.jpg,cardboard,cardboard,0.9991809725761414
data\trashnet\dataset-resized\cardboard\cardboard334.jpg,cardboard,cardboard,0.9994283318519592
data\trashnet\dataset-resized\cardboard\cardboard335.jpg,cardboard,cardboard,0.7989563941955566
data\trashnet\dataset-resized\cardboard\cardboard336.jpg,cardboard,cardboard,0.8521521687507629
data\trashnet\dataset-resized\cardboard\cardboard337.jpg,cardboard,cardboard,0.9898008704185486
data\trashnet\dataset-resized\cardboard\cardboard338.jpg,cardboard,cardboard,0.9999295473098755
data\trashnet\dataset-resized\cardboard\cardboard339.jpg,cardboard,cardboard,0.936655580997467
data\trashnet\dataset-resized\cardboard\cardboard34.jpg,cardboard,cardboard,0.9998992681503296
data\trashnet\dataset-resized\cardboard\cardboard340.jpg,cardboard,cardboard,0.9865104556083679
data\trashnet\dataset-resized\cardboard\cardboard341.jpg,cardboard,cardboard,0.9997283816337585
data\trashnet\dataset-resized\cardboard\cardboard342.jpg,cardboard,cardboard,0.9579366445541382
data\trashnet\dataset-resized\cardboard\cardboard343.jpg,cardboard,cardboard,0.9999933242797852
data\trashnet\dataset-resized\cardboard\cardboard344.jpg,cardboard,cardboard,0.9903752207756042
data\trashnet\dataset-resized\cardboard\cardboard345.jpg,cardboard,cardboard,0.9923731684684753
data\trashnet\dataset-resized\cardboard\cardboard346.jpg,cardboard,cardboard,0.6627659797668457
data\trashnet\dataset-resized\cardboard\cardboard347.jpg,cardboard,cardboard,0.9999008178710938
data\trashnet\dataset-resized\cardboard\cardboard348.jpg,cardboard,cardboard,0.9863265752792358
data\trashnet\dataset-resized\cardboard\cardboard349.jpg,cardboard,cardboard,0.9999381303787231
data\trashnet\dataset-resized\cardboard\cardboard35.jpg,cardboard,cardboard,0.9943689703941345
data\trashnet\dataset-resized\cardboard\cardboard350.jpg,cardboard,cardboard,0.9999053478240967
data\trashnet\dataset-resized\cardboard\cardboard351.jpg,cardboard,cardboard,0.9992856383323669
data\trashnet\dataset-resized\cardboard\cardboard352.jpg,cardboard,cardboard,0.9986296892166138
data\trashnet\dataset-resized\cardboard\cardboard353.jpg,cardboard,plastic,0.6026229858398438
data\trashnet\dataset-resized\cardboard\cardboard354.jpg,cardboard,cardboard,0.5555657744407654
data\trashnet\dataset-resized\cardboard\cardboard355.jpg,cardboard,cardboard,0.9995837807655334
data\trashnet\dataset-resized\cardboard\cardboard356.jpg,cardboard,cardboard,0.99615877866745
data\trashnet\dataset-resized\cardboard\cardboard357.jpg,cardboard,cardboard,0.9962950348854065
data\trashnet\dataset-resized\cardboard\cardboard358.jpg,cardboard,cardboard,0.9980931878089905
data\trashnet\dataset-resized\cardboard\cardboard359.jpg,cardboard,cardboard,0.537018895149231
data\trashnet\dataset-resized\cardboard\cardboard36.jpg,cardboard,cardboard,0.9887678027153015
data\trashnet\dataset-resized\cardboard\cardboard360.jpg,cardboard,cardboard,0.9999607801437378
data\trashnet\dataset-resized\cardboard\cardboard361.jpg,cardboard,cardboard,0.7186551690101624
data\trashnet\dataset-resized\cardboard\cardboard362.jpg,cardboard,cardboard,0.9999873638153076
data\trashnet\dataset-resized\cardboard\cardboard363.jpg,cardboard,cardboard,0.9989664554595947
data\trashnet\dataset-resized\cardboard\cardboard364.jpg,cardboard,cardboard,0.9811341762542725
data\trashnet\dataset-resized\cardboard\cardboard365.jpg,cardboard,cardboard,0.9992275238037109
data\trashnet\dataset-resized\cardboard\cardboard366.jpg,cardboard,plastic,0.8943666219711304
data\trashnet\dataset-resized\cardboard\cardboard367.jpg,cardboard,cardboard,0.9466629028320312
data\trashnet\dataset-resized\cardboard\cardboard368.jpg,cardboard,cardboard,0.9815078377723694
data\trashnet\dataset-resized\cardboard\cardboard369.jpg,cardboard,cardboard,0.9992465972900391
data\trashnet\dataset-resized\cardboard\cardboard37.jpg,cardboard,cardboard,0.9999517202377319
data\trashnet\dataset-resized\cardboard\cardboard370.jpg,cardboard,cardboard,0.9450300931930542
data\trashnet\dataset-resized\cardboard\cardboard371.jpg,cardboard,cardboard,0.9993651509284973
data\trashnet\dataset-resized\cardboard\cardboard372.jpg,cardboard,cardboard,0.9771098494529724
data\trashnet\dataset-resized\cardboard\cardboard373.jpg,cardboard,cardboard,0.9838079810142517
data\trashnet\dataset-resized\cardboard\cardboard374.jpg,cardboard,cardboard,0.9995699524879456
data\trashnet\dataset-resized\cardboard\cardboard375.jpg,cardboard,cardboard,0.9891335368156433
data\trashnet\dataset-resized\cardboard\cardboard376.jpg,cardboard,cardboard,0.9864367842674255
data\trashnet\dataset-resized\cardboard\cardboard377.jpg,cardboard,cardboard,0.9999314546585083
data\trashnet\dataset-resized\cardboard\cardboard378.jpg,cardboard,cardboard,0.8329243063926697
data\trashnet\dataset-resized\cardboard\cardboard379.jpg,cardboard,cardboard,0.9990241527557373
data\trashnet\dataset-resized\cardboard\cardboard38.jpg,cardboard,cardboard,0.9994090795516968
data\trashnet\dataset-resized\cardboard\cardboard380.jpg,cardboard,plastic,0.359275221824646
data\trashnet\dataset-resized\cardboard\cardboard381.jpg,cardboard,cardboard,0.985755980014801
data\trashnet\dataset-resized\cardboard\cardboard382.jpg,cardboard,cardboard,0.9999604225158691
data\trashnet\dataset-resized\cardboard\cardboard383.jpg,cardboard,cardboard,0.956124484539032
data\trashnet\dataset-resized\cardboard\cardboard384.jpg,cardboard,cardboard,0.690578043460846
data\trashnet\dataset-resized\cardboard\cardboard385.jpg,cardboard,cardboard,0.9107147455215454
data\trashnet\dataset-resized\cardboard\cardboard386.jpg,cardboard,cardboard,0.5998753905296326
data\trashnet\dataset-resized\cardboard\cardboard387.jpg,cardboard,paper,0.6229169368743896
data\trashnet\dataset-resized\cardboard\cardboard388.jpg,cardboard,cardboard,0.9981179237365723
data\trashnet\dataset-resized\cardboard\cardboard389.jpg,cardboard,cardboard,0.9996868371963501
data\trashnet\dataset-resized\cardboard\cardboard39.jpg,cardboard,cardboard,0.9193515777587891
data\trashnet\dataset-resized\cardboard\cardboard390.jpg,cardboard,cardboard,0.9394450187683105
data\trashnet\dataset-resized\cardboard\cardboard391.jpg,cardboard,cardboard,0.9990505576133728
data\trashnet\dataset-resized\cardboard\cardboard392.jpg,cardboard,cardboard,0.9514222145080566
data\trashnet\dataset-resized\cardboard\cardboard393.jpg,cardboard,cardboard,0.6369194984436035
data\trashnet\dataset-resized\cardboard\cardboard394.jpg,cardboard,cardboard,0.9925841093063354
data\trashnet\dataset-resized\cardboard\cardboard395.jpg,cardboard,cardboard,0.9996299743652344
data\trashnet\dataset-resized\cardboard\cardboard396.jpg,cardboard,cardboard,0.9217989444732666
data\trashnet\dataset-resized\cardboard\cardboard397.jpg,cardboard,cardboard,0.9999841451644897
data\trashnet\dataset-resized\cardboard\cardboard398.jpg,cardboard,cardboard,0.9998785257339478
data\trashnet\dataset-resized\cardboard\cardboard399.jpg,cardboard,cardboard,0.9998801946640015
data\trashnet\dataset-resized\cardboard\cardboard4.jpg,cardboard,cardboard,0.9725940227508545
data\trashnet\dataset-resized\cardboard\cardboard40.jpg,cardboard,cardboard,0.998945415019989
data\trashnet\dataset-resized\cardboard\cardboard400.jpg,cardboard,cardboard,0.9979290962219238
data\trashnet\dataset-resized\cardboard\cardboard401.jpg,cardboard,cardboard,0.9995699524879456
data\trashnet\dataset-resized\cardboard\cardboard402.jpg,cardboard,cardboard,0.9989237189292908
data\trashnet\dataset-resized\cardboard\cardboard403.jpg,cardboard,cardboard,0.9979300498962402
data\trashnet\dataset-resized\cardboard\cardboard41.jpg,cardboard,cardboard,0.9926733374595642
data\trashnet\dataset-resized\cardboard\cardboard42.jpg,cardboard,plastic,0.9094892740249634
data\trashnet\dataset-resized\cardboard\cardboard43.jpg,cardboard,cardboard,0.999984622001648
data\trashnet\dataset-resized\cardboard\cardboard44.jpg,cardboard,cardboard,0.9963678121566772
data\trashnet\dataset-resized\cardboard\cardboard45.jpg,cardboard,cardboard,0.999010443687439
data\trashnet\dataset-resized\cardboard\cardboard46.jpg,cardboard,cardboard,0.9643740653991699
data\trashnet\dataset-resized\cardboard\cardboard47.jpg,cardboard,cardboard,0.6699356436729431
data\trashnet\dataset-resized\cardboard\cardboard48.jpg,cardboard,cardboard,0.8403709530830383
data\trashnet\dataset-resized\cardboard\cardboard49.jpg,cardboard,cardboard,0.5963026285171509
data\trashnet\dataset-resized\cardboard\cardboard5.jpg,cardboard,cardboard,0.9991971850395203
data\trashnet\dataset-resized\cardboard\cardboard50.jpg,cardboard,cardboard,0.9828870892524719
data\trashnet\dataset-resized\cardboard\cardboard51.jpg,cardboard,cardboard,0.9954290390014648
data\trashnet\dataset-resized\cardboard\cardboard52.jpg,cardboard,cardboard,0.9991766810417175
data\trashnet\dataset-resized\cardboard\cardboard53.jpg,cardboard,cardboard,0.9999988079071045
data\trashnet\dataset-resized\cardboard\cardboard54.jpg,cardboard,cardboard,0.9949363470077515
data\trashnet\dataset-resized\cardboard\cardboard55.jpg,cardboard,cardboard,0.9999833106994629
data\trashnet\dataset-resized\cardboard\cardboard56.jpg,cardboard,cardboard,0.9999575614929199
data\trashnet\dataset-resized\cardboard\cardboard57.jpg,cardboard,cardboard,0.9746825098991394
data\trashnet\dataset-resized\cardboard\cardboard58.jpg,cardboard,cardboard,0.9952665567398071
data\trashnet\dataset-resized\cardboard\cardboard59.jpg,cardboard,cardboard,0.9931172132492065
data\trashnet\dataset-resized\cardboard\cardboard6.jpg,cardboard,cardboard,0.9948262572288513
data\trashnet\dataset-resized\cardboard\cardboard60.jpg,cardboard,cardboard,0.9962382316589355
data\trashnet\dataset-resized\cardboard\cardboard61.jpg,cardboard,cardboard,0.9960468411445618
data\trashnet\dataset-resized\cardboard\cardboard62.jpg,cardboard,cardboard,0.9948155283927917
data\trashnet\dataset-resized\cardboard\cardboard63.jpg,cardboard,plastic,0.9380805492401123
data\trashnet\dataset-resized\cardboard\cardboard64.jpg,cardboard,cardboard,0.9479925632476807
data\trashnet\dataset-resized\cardboard\cardboard65.jpg,cardboard,cardboard,0.7565652132034302
data\trashnet\dataset-resized\cardboard\cardboard66.jpg,cardboard,cardboard,0.9006288051605225
data\trashnet\dataset-resized\cardboard\cardboard67.jpg,cardboard,cardboard,0.6870838403701782
data\trashnet\dataset-resized\cardboard\cardboard68.jpg,cardboard,cardboard,0.9973127245903015
data\trashnet\dataset-resized\cardboard\cardboard69.jpg,cardboard,cardboard,0.9278992414474487
data\trashnet\dataset-resized\cardboard\cardboard7.jpg,cardboard,cardboard,0.9851534366607666
data\trashnet\dataset-resized\cardboard\cardboard70.jpg,cardboard,plastic,0.5055038928985596
data\trashnet\dataset-resized\cardboard\cardboard71.jpg,cardboard,cardboard,0.9608476161956787
data\trashnet\dataset-resized\cardboard\cardboard72.jpg,cardboard,cardboard,0.6162487268447876
data\trashnet\dataset-resized\cardboard\cardboard73.jpg,cardboard,cardboard,0.9984924793243408
data\trashnet\dataset-resized\cardboard\cardboard74.jpg,cardboard,cardboard,0.9999077320098877
data\trashnet\dataset-resized\cardboard\cardboard75.jpg,cardboard,cardboard,0.9999667406082153
data\trashnet\dataset-resized\cardboard\cardboard76.jpg,cardboard,cardboard,0.9963119626045227
data\trashnet\dataset-resized\cardboard\cardboard77.jpg,cardboard,cardboard,0.9848029613494873
data\trashnet\dataset-resized\cardboard\cardboard78.jpg,cardboard,cardboard,0.9936138987541199
data\trashnet\dataset-resized\cardboard\cardboard79.jpg,cardboard,cardboard,0.9992331266403198
data\trashnet\dataset-resized\cardboard\cardboard8.jpg,cardboard,cardboard,0.99935382604599
data\trashnet\dataset-resized\cardboard\cardboard80.jpg,cardboard,cardboard,0.9997699856758118
data\trashnet\dataset-resized\cardboard\cardboard81.jpg,cardboard,cardboard,0.9836248159408569
data\trashnet\dataset-resized\cardboard\cardboard82.jpg,cardboard,cardboard,0.9939906597137451
data\trashnet\dataset-resized\cardboard\cardboard83.jpg,cardboard,cardboard,0.9981878399848938
data\trashnet\dataset-resized\cardboard\cardboard84.jpg,cardboard,cardboard,0.9699798822402954
data\trashnet\dataset-resized\cardboard\cardboard85.jpg,cardboard,cardboard,0.9999912977218628
data\trashnet\dataset-resized\cardboard\cardboard86.jpg,cardboard,cardboard,0.9323133826255798
data\trashnet\dataset-resized\cardboard\cardboard87.jpg,cardboard,cardboard,0.9777873754501343
data\trashnet\dataset-resized\cardboard\cardboard88.jpg,cardboard,cardboard,0.9985789060592651
data\trashnet\dataset-resized\cardboard\cardboard89.jpg,cardboard,cardboard,0.9894995093345642
data\trashnet\dataset-resized\cardboard\cardboard9.jpg,cardboard,cardboard,0.9679718017578125
data\trashnet\dataset-resized\cardboard\cardboard90.jpg,cardboard,cardboard,0.9904909133911133
data\trashnet\dataset-resized\cardboard\cardboard91.jpg,cardboard,cardboard,0.9999945163726807
data\trashnet\dataset-resized\cardboard\cardboard92.jpg,cardboard,cardboard,0.9977580904960632
data\trashnet\dataset-resized\cardboard\cardboard93.jpg,cardboard,cardboard,0.9988584518432617
data\trashnet\dataset-resized\cardboard\cardboard94.jpg,cardboard,cardboard,0.9999963045120239
data\trashnet\dataset-resized\cardboard\cardboard95.jpg,cardboard,plastic,0.9886210560798645
data\trashnet\dataset-resized\cardboard\cardboard96.jpg,cardboard,cardboard,0.496065229177475
data\trashnet\dataset-resized\cardboard\cardboard97.jpg,cardboard,cardboard,0.9963406920433044
data\trashnet\dataset-resized\cardboard\cardboard98.jpg,cardboard,cardboard,0.7184320688247681
data\trashnet\dataset-resized\cardboard\cardboard99.jpg,cardboard,cardboard,0.557513415813446
data\trashnet\dataset-resized\glass\glass1.jpg,glass,glass,0.7120964527130127
data\trashnet\dataset-resized\glass\glass10.jpg,glass,plastic,0.9797852635383606
data\trashnet\dataset-resized\glass\glass100.jpg,glass,glass,0.8002367615699768
data\trashnet\dataset-resized\glass\glass101.jpg,glass,glass,0.9976836442947388
data\trashnet\dataset-resized\glass\glass102.jpg,glass,plastic,0.9723932147026062
data\trashnet\dataset-resized\glass\glass103.jpg,glass,glass,0.9819437265396118
data\trashnet\dataset-resized\glass\glass104.jpg,glass,plastic,0.8975579738616943
data\trashnet\dataset-resized\glass\glass105.jpg,glass,plastic,0.665857195854187
data\trashnet\dataset-resized\glass\glass106.jpg,glass,glass,0.5353208184242249
data\trashnet\dataset-resized\glass\glass107.jpg,glass,glass,0.9058178663253784
data\trashnet\dataset-resized\glass\glass108.jpg,glass,glass,0.9996150732040405
data\trashnet\dataset-resized\glass\glass109.jpg,glass,glass,0.9907123446464539
data\trashnet\dataset-resized\glass\glass11.jpg,glass,glass,0.6376605033874512
data\trashnet\dataset-resized\glass\glass110.jpg,glass,glass,0.9870795607566833
data\trashnet\dataset-resized\glass\glass111.jpg,glass,glass,0.9995157718658447
data\trashnet\dataset-resized\glass\glass112.jpg,glass,glass,0.5840978026390076
data\trashnet\dataset-resized\glass\glass113.jpg,glass,glass,0.9067993760108948
data\trashnet\dataset-resized\glass\glass114.jpg,glass,plastic,0.8132065534591675
data\trashnet\dataset-resized\glass\glass115.jpg,glass,metal,0.7771639823913574
data\trashnet\dataset-resized\glass\glass116.jpg,glass,glass,0.5574448108673096
data\trashnet\dataset-resized\glass\glass117.jpg,glass,plastic,0.5991557836532593
data\trashnet\dataset-resized\glass\glass118.jpg,glass,glass,0.6651908755302429
data\trashnet\dataset-resized\glass\glass119.jpg,glass,glass,0.6764413118362427
data\trashnet\dataset-resized\glass\glass12.jpg,glass,glass,0.9344358444213867
data\trashnet\dataset-resized\glass\glass120.jpg,glass,glass,0.993705689907074
data\trashnet\dataset-resized\glass\glass121.jpg,glass,glass,0.964104950428009
data\trashnet\dataset-resized\glass\glass122.jpg,glass,plastic,0.9364356994628906
data\trashnet\dataset-resized\glass\glass123.jpg,glass,glass,0.9972829818725586
data\trashnet\dataset-resized\glass\glass124.jpg,glass,glass,0.7280218005180359
data\trashnet\dataset-resized\glass\glass125.jpg,glass,glass,0.909726083278656
data\trashnet\dataset-resized\glass\glass126.jpg,glass,plastic,0.89374840259552
data\trashnet\dataset-resized\glass\glass127.jpg,glass,metal,0.432608425617218
data\trashnet\dataset-resized\glass\glass128.jpg,glass,glass,0.8739218711853027
data\trashnet\dataset-resized\glass\glass129.jpg,glass,glass,0.9658137559890747
data\trashnet\dataset-resized\glass\glass13.jpg,glass,glass,0.9643256664276123
data\trashnet\dataset-resized\glass\glass130.jpg,glass,glass,0.9936019778251648
data\trashnet\dataset-resized\glass\glass131.jpg,glass,glass,0.7972365021705627
data\trashnet\dataset-resized\glass\glass132.jpg,glass,plastic,0.8127180933952332
data\trashnet\dataset-resized\glass\glass133.jpg,glass,glass,0.6358500123023987
data\trashnet\dataset-resized\glass\glass134.jpg,glass,plastic,0.9465639591217041
data\trashnet\dataset-resized\glass\glass135.jpg,glass,glass,0.9655061364173889
data\trashnet\dataset-resized\glass\glass136.jpg,glass,glass,0.913702130317688
data\trashnet\dataset-resized\glass\glass137.jpg,glass,plastic,0.950961709022522
data\trashnet\dataset-resized\glass\glass138.jpg,glass,glass,0.9980564713478088
data\trashnet\dataset-resized\glass\glass139.jpg,glass,glass,0.7693595290184021
data\trashnet\dataset-resized\glass\glass14.jpg,glass,glass,0.8751586079597473
data\trashnet\dataset-resized\glass\glass140.jpg,glass,glass,0.9876573085784912
data\trashnet\dataset-resized\glass\glass141.jpg,glass,glass,0.9244151711463928
data\trashnet\dataset-resized\glass\glass142.jpg,glass,glass,0.9735537171363831
data\trashnet\dataset-resized\glass\glass143.jpg,glass,glass,0.6097233891487122
data\trashnet\dataset-resized\glass\glass144.jpg,glass,glass,0.9734963178634644
data\trashnet\dataset-resized\glass\glass145.jpg,glass,glass,0.9702428579330444
data\trashnet\dataset-resized\glass\glass146.jpg,glass,glass,0.9854339361190796
data\trashnet\dataset-resized\glass\glass147.jpg,glass,plastic,0.6198270320892334
data\trashnet\dataset-resized\glass\glass148.jpg,glass,plastic,0.9694976806640625
data\trashnet\dataset-resized\glass\glass149.jpg,glass,glass,0.6988624334335327
data\trashnet\dataset-resized\glass\glass15.jpg,glass,glass,0.962753415107727
data\trashnet\dataset-resized\glass\glass150.jpg,glass,glass,0.9969899654388428
data\trashnet\dataset-resized\glass\glass151.jpg,glass,plastic,0.8774232864379883
data\trashnet\dataset-resized\glass\glass152.jpg,glass,glass,0.9483758211135864
data\trashnet\dataset-resized\glass\glass153.jpg,glass,glass,0.9978394508361816
data\trashnet\dataset-resized\glass\glass154.jpg,glass,glass,0.5945984721183777
data\trashnet\dataset-resized\glass\glass155.jpg,glass,plastic,0.9837663173675537
data\trashnet\dataset-resized\glass\glass156.jpg,glass,glass,0.9991908669471741
data\trashnet\dataset-resized\glass\glass157.jpg,glass,glass,0.8485593199729919
data\trashnet\dataset-resized\glass\glass158.jpg,glass,glass,0.6676119565963745
data\trashnet\dataset-resized\glass\glass159.jpg,glass,glass,0.5162103772163391
data\trashnet\dataset-resized\glass\glass16.jpg,glass,glass,0.958323061466217
data\trashnet\dataset-resized\glass\glass160.jpg,glass,glass,0.920286238193512
data\trashnet\dataset-resized\glass\glass161.jpg,glass,plastic,0.8317180275917053
data\trashnet\dataset-resized\glass\glass162.jpg,glass,plastic,0.5025084614753723
data\trashnet\dataset-resized\glass\glass163.jpg,glass,glass,0.9947209358215332
data\trashnet\dataset-resized\glass\glass164.jpg,glass,glass,0.9554634690284729
data\trashnet\dataset-resized\glass\glass165.jpg,glass,glass,0.9966026544570923
data\trashnet\dataset-resized\glass\glass166.jpg,glass,plastic,0.9437391757965088
data\trashnet\dataset-resized\glass\glass167.jpg,glass,glass,0.9175559878349304
data\trashnet\dataset-resized\glass\glass168.jpg,glass,glass,0.9984356760978699
data\trashnet\dataset-resized\glass\glass169.jpg,glass,glass,0.9955095052719116
data\trashnet\dataset-resized\glass\glass17.jpg,glass,glass,0.6807289719581604
data\trashnet\dataset-resized\glass\glass170.jpg,glass,metal,0.7502272725105286
data\trashnet\dataset-resized\glass\glass171.jpg,glass,glass,0.9952600598335266
data\trashnet\dataset-resized\glass\glass172.jpg,glass,glass,0.7000348567962646
data\trashnet\dataset-resized\glass\glass173.jpg,glass,glass,0.9470173716545105
data\trashnet\dataset-resized\glass\glass174.jpg,glass,glass,0.9326803088188171
data\trashnet\dataset-resized\glass\glass175.jpg,glass,glass,0.969244658946991
data\trashnet\dataset-resized\glass\glass176.jpg,glass,glass,0.920818030834198
data\trashnet\dataset-resized\glass\glass177.jpg,glass,glass,0.5741910934448242
data\trashnet\dataset-resized\glass\glass178.jpg,glass,glass,0.9725907444953918
data\trashnet\dataset-resized\glass\glass179.jpg,glass,glass,0.9380700588226318
data\trashnet\dataset-resized\glass\glass18.jpg,glass,plastic,0.8018866777420044
data\trashnet\dataset-resized\glass\glass180.jpg,glass,glass,0.8738552331924438
data\trashnet\dataset-resized\glass\glass181.jpg,glass,plastic,0.9586036205291748
data\trashnet\dataset-resized\glass\glass182.jpg,glass,glass,0.6937305331230164
data\trashnet\dataset-resized\glass\glass183.jpg,glass,glass,0.9893592596054077
data\trashnet\dataset-resized\glass\glass184.jpg,glass,plastic,0.7132953405380249
data\trashnet\dataset-resized\glass\glass185.jpg,glass,glass,0.790111243724823
data\trashnet\dataset-resized\glass\glass186.jpg,glass,metal,0.9983910918235779
data\trashnet\dataset-resized\glass\glass187.jpg,glass,glass,0.8873041272163391
data\trashnet\dataset-resized\glass\glass188.jpg,glass,glass,0.9924710988998413
data\trashnet\dataset-resized\glass\glass189.jpg,glass,plastic,0.8312976360321045
data\trashnet\dataset-resized\glass\glass19.jpg,glass,glass,0.7155629992485046
data\trashnet\dataset-resized\glass\glass190.jpg,glass,metal,0.9846885204315186
data\trashnet\dataset-resized\glass\glass191.jpg,glass,glass,0.9261937141418457
data\trashnet\dataset-resized\glass\glass192.jpg,glass,glass,0.8807961940765381
data\trashnet\dataset-resized\glass\glass193.jpg,glass,plastic,0.585366427898407
data\trashnet\dataset-resized\glass\glass194.jpg,glass,glass,0.8487425446510315
data\trashnet\dataset-resized\glass\glass195.jpg,glass,glass,0.9742431044578552
data\trashnet\dataset-resized\glass\glass196.jpg,glass,glass,0.9438030123710632
data\trashnet\dataset-resized\glass\glass197.jpg,glass,glass,0.4384445250034332
data\trashnet\dataset-resized\glass\glass198.jpg,glass,glass,0.7646507024765015
data\trashnet\dataset-resized\glass\glass199.jpg,glass,metal,0.5098702907562256
data\trashnet\dataset-resized\glass\glass2.jpg,glass,glass,0.995543897151947
data\trashnet\dataset-resized\glass\glass20.jpg,glass,plastic,0.5346486568450928
data\trashnet\dataset-resized\glass\glass200.jpg,glass,glass,0.7638272047042847
data\trashnet\dataset-resized\glass\glass201.jpg,glass,glass,0.9867875576019287
data\trashnet\dataset-resized\glass\glass202.jpg,glass,glass,0.997858464717865
data\trashnet\dataset-resized\glass\glass203.jpg,glass,glass,0.8716195821762085
data\trashnet\dataset-resized\glass\glass204.jpg,glass,glass,0.9760577082633972
data\trashnet\dataset-resized\glass\glass205.jpg,glass,glass,0.9975283741950989
data\trashnet\dataset-resized\glass\glass206.jpg,glass,glass,0.9256754517555237
data\trashnet\dataset-resized\glass\glass207.jpg,glass,glass,0.6301764845848083
data\trashnet\dataset-resized\glass\glass208.jpg,glass,glass,0.5754231810569763
data\trashnet\dataset-resized\glass\glass209.jpg,glass,glass,0.87651526927948
data\trashnet\dataset-resized\glass\glass21.jpg,glass,glass,0.9983299374580383
data\trashnet\dataset-resized\glass\glass210.jpg,glass,glass,0.9101970195770264
data\trashnet\dataset-resized\glass\glass211.jpg,glass,glass,0.9583920240402222
data\trashnet\dataset-resized\glass\glass212.jpg,glass,glass,0.8338960409164429
data\trashnet\dataset-resized\glass\glass213.jpg,glass,plastic,0.6210764050483704
data\trashnet\dataset-resized\glass\glass214.jpg,glass,glass,0.8985034823417664
data\trashnet\dataset-resized\glass\glass215.jpg,glass,glass,0.8324815034866333
data\trashnet\dataset-resized\glass\glass216.jpg,glass,glass,0.7147629857063293
data\trashnet\dataset-resized\glass\glass217.jpg,glass,glass,0.9714645743370056
data\trashnet\dataset-resized\glass\glass218.jpg,glass,glass,0.8505739569664001
data\trashnet\dataset-resized\glass\glass219.jpg,glass,glass,0.5612753629684448
data\trashnet\dataset-resized\glass\glass22.jpg,glass,metal,0.7139289379119873
data\trashnet\dataset-resized\glass\glass220.jpg,glass,plastic,0.7784332036972046
data\trashnet\dataset-resized\glass\glass221.jpg,glass,plastic,0.6913695335388184
data\trashnet\dataset-resized\glass\glass222.jpg,glass,plastic,0.9488028287887573
data\trashnet\dataset-resized\glass\glass223.jpg,glass,plastic,0.8213194608688354
data\trashnet\dataset-resized\glass\glass224.jpg,glass,plastic,0.7004753947257996
data\trashnet\dataset-resized\glass\glass225.jpg,glass,plastic,0.9731576442718506
data\trashnet\dataset-resized\glass\glass226.jpg,glass,plastic,0.5685811638832092
data\trashnet\dataset-resized\glass\glass227.jpg,glass,glass,0.6721032857894897
data\trashnet\dataset-resized\glass\glass228.jpg,glass,glass,0.530195415019989
data\trashnet\dataset-resized\glass\glass229.jpg,glass,plastic,0.5944901704788208
data\trashnet\dataset-resized\glass\glass23.jpg,glass,glass,0.8700322508811951
data\trashnet\dataset-resized\glass\glass230.jpg,glass,glass,0.9550200700759888
data\trashnet\dataset-resized\glass\glass231.jpg,glass,glass,0.6474727988243103
data\trashnet\dataset-resized\glass\glass232.jpg,glass,glass,0.9952980875968933
data\trashnet\dataset-resized\glass\glass233.jpg,glass,plastic,0.8415763974189758
data\trashnet\dataset-resized\glass\glass234.jpg,glass,plastic,0.9564964771270752
data\trashnet\dataset-resized\glass\glass235.jpg,glass,plastic,0.8348835706710815
data\trashnet\dataset-resized\glass\glass236.jpg,glass,glass,0.5753133893013
data\trashnet\dataset-resized\glass\glass237.jpg,glass,glass,0.8966773152351379
data\trashnet\dataset-resized\glass\glass238.jpg,glass,glass,0.7291943430900574
data\trashnet\dataset-resized\glass\glass239.jpg,glass,glass,0.7590430974960327
data\trashnet\dataset-resized\glass\glass24.jpg,glass,metal,0.4422820508480072
data\trashnet\dataset-resized\glass\glass240.jpg,glass,glass,0.5589882135391235
data\trashnet\dataset-resized\glass\glass241.jpg,glass,plastic,0.9666791558265686
data\trashnet\dataset-resized\glass\glass242.jpg,glass,glass,0.8242222666740417
data\trashnet\dataset-resized\glass\glass243.jpg,glass,plastic,0.99434894323349
data\trashnet\dataset-resized\glass\glass244.jpg,glass,glass,0.512773871421814
data\trashnet\dataset-resized\glass\glass245.jpg,glass,glass,0.7731380462646484
data\trashnet\dataset-resized\glass\glass246.jpg,glass,glass,0.6885472536087036
data\trashnet\dataset-resized\glass\glass247.jpg,glass,glass,0.519841730594635
data\trashnet\dataset-resized\glass\glass248.jpg,glass,glass,0.5114575624465942
data\trashnet\dataset-resized\glass\glass249.jpg,glass,glass,0.7973474860191345
data\trashnet\dataset-resized\glass\glass25.jpg,glass,glass,0.9914901852607727
data\trashnet\dataset-resized\glass\glass250.jpg,glass,glass,0.9177194237709045
data\trashnet\dataset-resized\glass\glass251.jpg,glass,glass,0.9977148771286011
data\trashnet\dataset-resized\glass\glass252.jpg,glass,glass,0.7045252919197083
data\trashnet\dataset-resized\glass\glass253.jpg,glass,glass,0.6093595027923584
data\trashnet\dataset-resized\glass\glass254.jpg,glass,plastic,0.9701236486434937
data\trashnet\dataset-resized\glass\glass255.jpg,glass,plastic,0.6102613806724548
data\trashnet\dataset-resized\glass\glass256.jpg,glass,glass,0.7558217644691467
data\trashnet\dataset-resized\glass\glass257.jpg,glass,glass,0.8014624714851379
data\trashnet\dataset-resized\glass\glass258.jpg,glass,plastic,0.793689489364624
data\trashnet\dataset-resized\glass\glass259.jpg,glass,plastic,0.8861852288246155
data\trashnet\dataset-resized\glass\glass26.jpg,glass,plastic,0.8153785467147827
data\trashnet\dataset-resized\glass\glass260.jpg,glass,glass,0.5043638348579407
data\trashnet\dataset-resized\glass\glass261.jpg,glass,glass,0.757448136806488
data\trashnet\dataset-resized\glass\glass262.jpg,glass,glass,0.8571619987487793
data\trashnet\dataset-resized\glass\glass263.jpg,glass,plastic,0.5457507967948914
data\trashnet\dataset-resized\glass\glass264.jpg,glass,plastic,0.9581969380378723
data\trashnet\dataset-resized\glass\glass265.jpg,glass,plastic,0.6941601634025574
data\trashnet\dataset-resized\glass\glass266.jpg,glass,plastic,0.5033718347549438
data\trashnet\dataset-resized\glass\glass267.jpg,glass,plastic,0.8271614909172058
data\trashnet\dataset-resized\glass\glass268.jpg,glass,plastic,0.980143129825592
data\trashnet\dataset-resized\glass\glass269.jpg,glass,plastic,0.510134220123291
data\trashnet\dataset-resized\glass\glass27.jpg,glass,glass,0.34506163001060486
data\trashnet\dataset-resized\glass\glass270.jpg,glass,plastic,0.9186141490936279
data\trashnet\dataset-resized\glass\glass271.jpg,glass,glass,0.5772191882133484
data\trashnet\dataset-resized\glass\glass272.jpg,glass,glass,0.8137034773826599
data\trashnet\dataset-resized\glass\glass273.jpg,glass,glass,0.489162415266037
data\trashnet\dataset-resized\glass\glass274.jpg,glass,glass,0.985612154006958
data\trashnet\dataset-resized\glass\glass275.jpg,glass,glass,0.7639973163604736
data\trashnet\dataset-resized\glass\glass276.jpg,glass,glass,0.6940735578536987
data\trashnet\dataset-resized\glass\glass277.jpg,glass,plastic,0.9435039758682251
data\trashnet\dataset-resized\glass\glass278.jpg,glass,glass,0.6578790545463562
data\trashnet\dataset-resized\glass\glass279.jpg,glass,glass,0.9537182450294495
data\trashnet\dataset-resized\glass\glass28.jpg,glass,glass,0.939961850643158
data\trashnet\dataset-resized\glass\glass280.jpg,glass,glass,0.9922972321510315
data\trashnet\dataset-resized\glass\glass281.jpg,glass,plastic,0.6728982925415039
data\trashnet\dataset-resized\glass\glass282.jpg,glass,glass,0.9866542220115662
data\trashnet\dataset-resized\glass\glass283.jpg,glass,glass,0.9068156480789185
data\trashnet\dataset-resized\glass\glass284.jpg,glass,plastic,0.9896728992462158
data\trashnet\dataset-resized\glass\glass285.jpg,glass,glass,0.8528614640235901
data\trashnet\dataset-resized\glass\glass286.jpg,glass,plastic,0.48387736082077026
data\trashnet\dataset-resized\glass\glass287.jpg,glass,glass,0.94685959815979
data\trashnet\dataset-resized\glass\glass288.jpg,glass,plastic,0.5678274631500244
data\trashnet\dataset-resized\glass\glass289.jpg,glass,glass,0.9901698231697083
data\trashnet\dataset-resized\glass\glass29.jpg,glass,glass,0.9906747937202454
data\trashnet\dataset-resized\glass\glass290.jpg,glass,glass,0.5893296599388123
data\trashnet\dataset-resized\glass\glass291.jpg,glass,glass,0.7641425132751465
data\trashnet\dataset-resized\glass\glass292.jpg,glass,glass,0.9866727590560913
data\trashnet\dataset-resized\glass\glass293.jpg,glass,plastic,0.947482705116272
data\trashnet\dataset-resized\glass\glass294.jpg,glass,glass,0.7898231148719788
data\trashnet\dataset-resized\glass\glass295.jpg,glass,glass,0.9987245202064514
data\trashnet\dataset-resized\glass\glass296.jpg,glass,glass,0.9984232187271118
data\trashnet\dataset-resized\glass\glass297.jpg,glass,glass,0.997051477432251
data\trashnet\dataset-resized\glass\glass298.jpg,glass,glass,0.8426348567008972
data\trashnet\dataset-resized\glass\glass299.jpg,glass,plastic,0.44392111897468567
data\trashnet\dataset-resized\glass\glass3.jpg,glass,glass,0.9818208813667297
data\trashnet\dataset-resized\glass\glass30.jpg,glass,glass,0.5497609376907349
data\trashnet\dataset-resized\glass\glass300.jpg,glass,glass,0.8240898251533508
data\trashnet\dataset-resized\glass\glass301.jpg,glass,plastic,0.9010953307151794
data\trashnet\dataset-resized\glass\glass302.jpg,glass,glass,0.9985032081604004
data\trashnet\dataset-resized\glass\glass303.jpg,glass,plastic,0.5719192028045654
data\trashnet\dataset-resized\glass\glass304.jpg,glass,glass,0.7918059825897217
data\trashnet\dataset-resized\glass\glass305.jpg,glass,glass,0.8842074871063232
data\trashnet\dataset-resized\glass\glass306.jpg,glass,plastic,0.7125649452209473
data\trashnet\dataset-resized\glass\glass307.jpg,glass,glass,0.8303107619285583
data\trashnet\dataset-resized\glass\glass308.jpg,glass,plastic,0.5723596811294556
data\trashnet\dataset-resized\glass\glass309.jpg,glass,glass,0.9367609620094299
data\trashnet\dataset-resized\glass\glass31.jpg,glass,glass,0.9757139682769775
data\trashnet\dataset-resized\glass\glass310.jpg,glass,glass,0.9160998463630676
data\trashnet\dataset-resized\glass\glass311.jpg,glass,glass,0.624281108379364
data\trashnet\dataset-resized\glass\glass312.jpg,glass,glass,0.9775081276893616
data\trashnet\dataset-resized\glass\glass313.jpg,glass,glass,0.8076817989349365
data\trashnet\dataset-resized\glass\glass314.jpg,glass,glass,0.8254449963569641
data\trashnet\dataset-resized\glass\glass315.jpg,glass,plastic,0.7257044315338135
data\trashnet\dataset-resized\glass\glass316.jpg,glass,plastic,0.5561933517456055
data\trashnet\dataset-resized\glass\glass317.jpg,glass,glass,0.8763837814331055
data\trashnet\dataset-resized\glass\glass318.jpg,glass,glass,0.8441318869590759
data\trashnet\dataset-resized\glass\glass319.jpg,glass,glass,0.9717202186584473
data\trashnet\dataset-resized\glass\glass32.jpg,glass,plastic,0.9210200309753418
data\trashnet\dataset-resized\glass\glass320.jpg,glass,glass,0.8419266939163208
data\trashnet\dataset-resized\glass\glass321.jpg,glass,glass,0.5694113373756409
data\trashnet\dataset-resized\glass\glass322.jpg,glass,plastic,0.48273250460624695
data\trashnet\dataset-resized\glass\glass323.jpg,glass,glass,0.6191866397857666
data\trashnet\dataset-resized\glass\glass324.jpg,glass,glass,0.9953902959823608
data\trashnet\dataset-resized\glass\glass325.jpg,glass,glass,0.9865427017211914
data\trashnet\dataset-resized\glass\glass326.jpg,glass,glass,0.9470731019973755
data\trashnet\dataset-resized\glass\glass327.jpg,glass,plastic,0.5937409400939941
data\trashnet\dataset-resized\glass\glass328.jpg,glass,plastic,0.5825106501579285
data\trashnet\dataset-resized\glass\glass329.jpg,glass,plastic,0.6868791580200195
data\trashnet\dataset-resized\glass\glass33.jpg,glass,glass,0.9911832809448242
data\trashnet\dataset-resized\glass\glass330.jpg,glass,metal,0.46937158703804016
data\trashnet\dataset-resized\glass\glass331.jpg,glass,glass,0.9758480191230774
data\trashnet\dataset-resized\glass\glass332.jpg,glass,plastic,0.7632914781570435
data\trashnet\dataset-resized\glass\glass333.jpg,glass,glass,0.9922096729278564
data\trashnet\dataset-resized\glass\glass334.jpg,glass,plastic,0.8700726628303528
data\trashnet\dataset-resized\glass\glass335.jpg,glass,glass,0.5183635354042053
data\trashnet\dataset-resized\glass\glass336.jpg,glass,glass,0.8373066186904907
data\trashnet\dataset-resized\glass\glass337.jpg,glass,plastic,0.9791387915611267
data\trashnet\dataset-resized\glass\glass338.jpg,glass,glass,0.668350100517273
data\trashnet\dataset-resized\glass\glass339.jpg,glass,plastic,0.5249786376953125
data\trashnet\dataset-resized\glass\glass34.jpg,glass,glass,0.9953833222389221
data\trashnet\dataset-resized\glass\glass340.jpg,glass,plastic,0.6182470321655273
data\trashnet\dataset-resized\glass\glass341.jpg,glass,plastic,0.9404463171958923
data\trashnet\dataset-resized\glass\glass342.jpg,glass,glass,0.9010505676269531
data\trashnet\dataset-resized\glass\glass343.jpg,glass,glass,0.6966902017593384
data\trashnet\dataset-resized\glass\glass344.jpg,glass,glass,0.9937012195587158
data\trashnet\dataset-resized\glass\glass345.jpg,glass,glass,0.9568811655044556
data\trashnet\dataset-resized\glass\glass346.jpg,glass,plastic,0.5200183391571045
data\trashnet\dataset-resized\glass\glass347.jpg,glass,glass,0.9969396591186523
data\trashnet\dataset-resized\glass\glass348.jpg,glass,glass,0.8921200037002563
data\trashnet\dataset-resized\glass\glass349.jpg,glass,glass,0.8739650845527649
data\trashnet\dataset-resized\glass\glass35.jpg,glass,glass,0.9939314126968384
data\trashnet\dataset-resized\glass\glass350.jpg,glass,plastic,0.5768517851829529
data\trashnet\dataset-resized\glass\glass351.jpg,glass,glass,0.7511735558509827
data\trashnet\dataset-resized\glass\glass352.jpg,glass,glass,0.9769902229309082
data\trashnet\dataset-resized\glass\glass353.jpg,glass,plastic,0.4729459285736084
data\trashnet\dataset-resized\glass\glass354.jpg,glass,glass,0.5756699442863464
data\trashnet\dataset-resized\glass\glass355.jpg,glass,glass,0.952999472618103
data\trashnet\dataset-resized\glass\glass356.jpg,glass,glass,0.996843695640564
data\trashnet\dataset-resized\glass\glass357.jpg,glass,glass,0.9730595350265503
data\trashnet\dataset-resized\glass\glass358.jpg,glass,plastic,0.739747166633606
data\trashnet\dataset-resized\glass\glass359.jpg,glass,glass,0.9909462928771973
data\trashnet\dataset-resized\glass\glass36.jpg,glass,plastic,0.5768139362335205
data\trashnet\dataset-resized\glass\glass360.jpg,glass,plastic,0.8111648559570312
data\trashnet\dataset-resized\glass\glass361.jpg,glass,glass,0.9397854804992676
data\trashnet\dataset-resized\glass\glass362.jpg,glass,glass,0.9886646270751953
data\trashnet\dataset-resized\glass\glass363.jpg,glass,glass,0.8872436285018921
data\trashnet\dataset-resized\glass\glass364.jpg,glass,plastic,0.6540721654891968
data\trashnet\dataset-resized\glass\glass365.jpg,glass,glass,0.7625113725662231
data\trashnet\dataset-resized\glass\glass366.jpg,glass,plastic,0.5461788773536682
data\trashnet\dataset-resized\glass\glass367.jpg,glass,plastic,0.9009070992469788
data\trashnet\dataset-resized\glass\glass368.jpg,glass,glass,0.9295998811721802
data\trashnet\dataset-resized\glass\glass369.jpg,glass,plastic,0.5424114465713501
data\trashnet\dataset-resized\glass\glass37.jpg,glass,glass,0.8571377992630005
data\trashnet\dataset-resized\glass\glass370.jpg,glass,glass,0.716187059879303
data\trashnet\dataset-resized\glass\glass371.jpg,glass,glass,0.7311241626739502
data\trashnet\dataset-resized\glass\glass372.jpg,glass,glass,0.9646459817886353
data\trashnet\dataset-resized\glass\glass373.jpg,glass,glass,0.8003944158554077
data\trashnet\dataset-resized\glass\glass374.jpg,glass,glass,0.5695712566375732
data\trashnet\dataset-resized\glass\glass375.jpg,glass,glass,0.5040534138679504
data\trashnet\dataset-resized\glass\glass376.jpg,glass,glass,0.7408590912818909
data\trashnet\dataset-resized\glass\glass377.jpg,glass,glass,0.8046830892562866
data\trashnet\dataset-resized\glass\glass378.jpg,glass,plastic,0.7898216247558594
data\trashnet\dataset-resized\glass\glass379.jpg,glass,glass,0.9828727841377258
data\trashnet\dataset-resized\glass\glass38.jpg,glass,metal,0.6102815270423889
data\trashnet\dataset-resized\glass\glass380.jpg,glass,plastic,0.9003939032554626
data\trashnet\dataset-resized\glass\glass381.jpg,glass,plastic,0.602253794670105
data\trashnet\dataset-resized\glass\glass382.jpg,glass,glass,0.7915159463882446
data\trashnet\dataset-resized\glass\glass383.jpg,glass,glass,0.9966488480567932
data\trashnet\dataset-resized\glass\glass384.jpg,glass,glass,0.8150650858879089
data\trashnet\dataset-resized\glass\glass385.jpg,glass,glass,0.8566954731941223
data\trashnet\dataset-resized\glass\glass386.jpg,glass,glass,0.9916440844535828
data\trashnet\dataset-resized\glass\glass387.jpg,glass,glass,0.9249827861785889
data\trashnet\dataset-resized\glass\glass388.jpg,glass,plastic,0.6663575768470764
data\trashnet\dataset-resized\glass\glass389.jpg,glass,plastic,0.9440776705741882
data\trashnet\dataset-resized\glass\glass39.jpg,glass,glass,0.9436988830566406
data\trashnet\dataset-resized\glass\glass390.jpg,glass,glass,0.859800398349762
data\trashnet\dataset-resized\glass\glass391.jpg,glass,glass,0.9808988571166992
data\trashnet\dataset-resized\glass\glass392.jpg,glass,glass,0.9962171912193298
data\trashnet\dataset-resized\glass\glass393.jpg,glass,glass,0.8980039954185486
data\trashnet\dataset-resized\glass\glass394.jpg,glass,glass,0.8826169967651367
data\trashnet\dataset-resized\glass\glass395.jpg,glass,glass,0.8260291218757629
data\trashnet\dataset-resized\glass\glass396.jpg,glass,glass,0.9851291179656982
data\trashnet\dataset-resized\glass\glass397.jpg,glass,glass,0.7555444240570068
data\trashnet\dataset-resized\glass\glass398.jpg,glass,glass,0.9977606534957886
data\trashnet\dataset-resized\glass\glass399.jpg,glass,plastic,0.7351464033126831
data\trashnet\dataset-resized\glass\glass4.jpg,glass,glass,0.989282488822937
data\trashnet\dataset-resized\glass\glass40.jpg,glass,glass,0.8384236693382263
data\trashnet\dataset-resized\glass\glass400.jpg,glass,glass,0.9529500007629395
data\trashnet\dataset-resized\glass\glass401.jpg,glass,plastic,0.9227990508079529
data\trashnet\dataset-resized\glass\glass402.jpg,glass,plastic,0.980786144733429
data\trashnet\dataset-resized\glass\glass403.jpg,glass,glass,0.9760246872901917
data\trashnet\dataset-resized\glass\glass404.jpg,glass,glass,0.9191538691520691
data\trashnet\dataset-resized\glass\glass405.jpg,glass,glass,0.8198684453964233
data\trashnet\dataset-resized\glass\glass406.jpg,glass,glass,0.9508161544799805
data\trashnet\dataset-resized\glass\glass407.jpg,glass,plastic,0.8079723119735718
data\trashnet\dataset-resized\glass\glass408.jpg,glass,glass,0.9530121088027954
data\trashnet\dataset-resized\glass\glass409.jpg,glass,glass,0.8197059631347656
data\trashnet\dataset-resized\glass\glass41.jpg,glass,glass,0.7375767230987549
data\trashnet\dataset-resized\glass\glass410.jpg,glass,plastic,0.688445508480072
data\trashnet\dataset-resized\glass\glass411.jpg,glass,plastic,0.7189593315124512
data\trashnet\dataset-resized\glass\glass412.jpg,glass,glass,0.5832882523536682
data\trashnet\dataset-resized\glass\glass413.jpg,glass,glass,0.6542795896530151
data\trashnet\dataset-resized\glass\glass414.jpg,glass,glass,0.9975429773330688
data\trashnet\dataset-resized\glass\glass415.jpg,glass,glass,0.6321916580200195
data\trashnet\dataset-resized\glass\glass416.jpg,glass,plastic,0.5072548985481262
data\trashnet\dataset-resized\glass\glass417.jpg,glass,glass,0.5778124928474426
data\trashnet\dataset-resized\glass\glass418.jpg,glass,plastic,0.7748600840568542
data\trashnet\dataset-resized\glass\glass419.jpg,glass,glass,0.9989383816719055
data\trashnet\dataset-resized\glass\glass42.jpg,glass,glass,0.9967294931411743
data\trashnet\dataset-resized\glass\glass420.jpg,glass,plastic,0.5984770655632019
data\trashnet\dataset-resized\glass\glass421.jpg,glass,glass,0.9812885522842407
data\trashnet\dataset-resized\glass\glass422.jpg,glass,glass,0.9897638559341431
data\trashnet\dataset-resized\glass\glass423.jpg,glass,plastic,0.7882241606712341
data\trashnet\dataset-resized\glass\glass424.jpg,glass,glass,0.9860157370567322
data\trashnet\dataset-resized\glass\glass425.jpg,glass,glass,0.9994532465934753
data\trashnet\dataset-resized\glass\glass426.jpg,glass,plastic,0.7698246836662292
data\trashnet\dataset-resized\glass\glass427.jpg,glass,glass,0.9862352013587952
data\trashnet\dataset-resized\glass\glass428.jpg,glass,glass,0.8878788352012634
data\trashnet\dataset-resized\glass\glass429.jpg,glass,glass,0.8279829025268555
data\trashnet\dataset-resized\glass\glass43.jpg,glass,glass,0.7650777101516724
data\trashnet\dataset-resized\glass\glass430.jpg,glass,glass,0.7736403346061707
data\trashnet\dataset-resized\glass\glass431.jpg,glass,glass,0.7560329437255859
data\trashnet\dataset-resized\glass\glass432.jpg,glass,plastic,0.8418071269989014
data\trashnet\dataset-resized\glass\glass433.jpg,glass,plastic,0.40271836519241333
data\trashnet\dataset-resized\glass\glass434.jpg,glass,glass,0.8788609504699707
data\trashnet\dataset-resized\glass\glass435.jpg,glass,glass,0.5728045701980591
data\trashnet\dataset-resized\glass\glass436.jpg,glass,glass,0.9581460356712341
data\trashnet\dataset-resized\glass\glass437.jpg,glass,plastic,0.4804435670375824
data\trashnet\dataset-resized\glass\glass438.jpg,glass,plastic,0.9503389000892639
data\trashnet\dataset-resized\glass\glass439.jpg,glass,glass,0.932501494884491
data\trashnet\dataset-resized\glass\glass44.jpg,glass,glass,0.7976723313331604
data\trashnet\dataset-resized\glass\glass440.jpg,glass,glass,0.9903929829597473
data\trashnet\dataset-resized\glass\glass441.jpg,glass,glass,0.9990135431289673
data\trashnet\dataset-resized\glass\glass442.jpg,glass,metal,0.5620770454406738
data\trashnet\dataset-resized\glass\glass443.jpg,glass,glass,0.7404532432556152
data\trashnet\dataset-resized\glass\glass444.jpg,glass,glass,0.4565061032772064
data\trashnet\dataset-resized\glass\glass445.jpg,glass,glass,0.9237715005874634
data\trashnet\dataset-resized\glass\glass446.jpg,glass,plastic,0.7620444297790527
data\trashnet\dataset-resized\glass\glass447.jpg,glass,glass,0.9654050469398499
data\trashnet\dataset-resized\glass\glass448.jpg,glass,plastic,0.6832155585289001
data\trashnet\dataset-resized\glass\glass449.jpg,glass,glass,0.6399253010749817
data\trashnet\dataset-resized\glass\glass45.jpg,glass,glass,0.5950591564178467
data\trashnet\dataset-resized\glass\glass450.jpg,glass,glass,0.9939761161804199
data\trashnet\dataset-resized\glass\glass451.jpg,glass,plastic,0.9249704480171204
data\trashnet\dataset-resized\glass\glass452.jpg,glass,glass,0.8622447848320007
data\trashnet\dataset-resized\glass\glass453.jpg,glass,glass,0.9432739615440369
data\trashnet\dataset-resized\glass\glass454.jpg,glass,glass,0.9789301156997681
data\trashnet\dataset-resized\glass\glass455.jpg,glass,glass,0.870650053024292
data\trashnet\dataset-resized\glass\glass456.jpg,glass,glass,0.988068163394928
data\trashnet\dataset-resized\glass\glass457.jpg,glass,glass,0.7527676224708557
data\trashnet\dataset-resized\glass\glass458.jpg,glass,glass,0.9799680709838867
data\trashnet\dataset-resized\glass\glass459.jpg,glass,glass,0.6052335500717163
data\trashnet\dataset-resized\glass\glass46.jpg,glass,glass,0.9338251352310181
data\trashnet\dataset-resized\glass\glass460.jpg,glass,glass,0.8409721255302429
data\trashnet\dataset-resized\glass\glass461.jpg,glass,glass,0.7913143634796143
data\trashnet\dataset-resized\glass\glass462.jpg,glass,glass,0.5351068377494812
data\trashnet\dataset-resized\glass\glass463.jpg,glass,glass,0.49751952290534973
data\trashnet\dataset-resized\glass\glass464.jpg,glass,glass,0.9966392517089844
data\trashnet\dataset-resized\glass\glass465.jpg,glass,glass,0.6696068048477173
data\trashnet\dataset-resized\glass\glass466.jpg,glass,glass,0.9427810907363892
data\trashnet\dataset-resized\glass\glass467.jpg,glass,glass,0.9339261651039124
data\trashnet\dataset-resized\glass\glass468.jpg,glass,glass,0.9958682060241699
data\trashnet\dataset-resized\glass\glass469.jpg,glass,glass,0.9704524278640747
data\trashnet\dataset-resized\glass\glass47.jpg,glass,plastic,0.462558776140213
data\trashnet\dataset-resized\glass\glass470.jpg,glass,plastic,0.9363825917243958
data\trashnet\dataset-resized\glass\glass471.jpg,glass,plastic,0.9609721899032593
data\trashnet\dataset-resized\glass\glass472.jpg,glass,plastic,0.5852170586585999
data\trashnet\dataset-resized\glass\glass473.jpg,glass,glass,0.9519301056861877
data\trashnet\dataset-resized\glass\glass474.jpg,glass,glass,0.9624741673469543
data\trashnet\dataset-resized\glass\glass475.jpg,glass,glass,0.9998069405555725
data\trashnet\dataset-resized\glass\glass476.jpg,glass,glass,0.8862736821174622
data\trashnet\dataset-resized\glass\glass477.jpg,glass,glass,0.46532848477363586
data\trashnet\dataset-resized\glass\glass478.jpg,glass,plastic,0.8303626775741577
data\trashnet\dataset-resized\glass\glass479.jpg,glass,glass,0.9810848236083984
data\trashnet\dataset-resized\glass\glass48.jpg,glass,glass,0.5502490401268005
data\trashnet\dataset-resized\glass\glass480.jpg,glass,glass,0.9473602771759033
data\trashnet\dataset-resized\glass\glass481.jpg,glass,glass,0.8205658197402954
data\trashnet\dataset-resized\glass\glass482.jpg,glass,glass,0.7325659394264221
data\trashnet\dataset-resized\glass\glass483.jpg,glass,plastic,0.9487273097038269
data\trashnet\dataset-resized\glass\glass484.jpg,glass,glass,0.9988600015640259
data\trashnet\dataset-resized\glass\glass485.jpg,glass,glass,0.9672322273254395
data\trashnet\dataset-resized\glass\glass486.jpg,glass,glass,0.932081937789917
data\trashnet\dataset-resized\glass\glass487.jpg,glass,plastic,0.5246580243110657
data\trashnet\dataset-resized\glass\glass488.jpg,glass,glass,0.9970245957374573
data\trashnet\dataset-resized\glass\glass489.jpg,glass,glass,0.99613356590271
data\trashnet\dataset-resized\glass\glass49.jpg,glass,glass,0.6402842402458191
data\trashnet\dataset-resized\glass\glass490.jpg,glass,glass,0.7602547407150269
data\trashnet\dataset-resized\glass\glass491.jpg,glass,plastic,0.9406692385673523
data\trashnet\dataset-resized\glass\glass492.jpg,glass,glass,0.5416965484619141
data\trashnet\dataset-resized\glass\glass493.jpg,glass,glass,0.9993624091148376
data\trashnet\dataset-resized\glass\glass494.jpg,glass,glass,0.7254157662391663
data\trashnet\dataset-resized\glass\glass495.jpg,glass,glass,0.7909495830535889
data\trashnet\dataset-resized\glass\glass496.jpg,glass,glass,0.8858047127723694
data\trashnet\dataset-resized\glass\glass497.jpg,glass,glass,0.9743703603744507
data\trashnet\dataset-resized\glass\glass498.jpg,glass,glass,0.6072561144828796
data\trashnet\dataset-resized\glass\glass499.jpg,glass,glass,0.9684017896652222
data\trashnet\dataset-resized\glass\glass5.jpg,glass,glass,0.9655352830886841
data\trashnet\dataset-resized\glass\glass50.jpg,glass,glass,0.9826199412345886
data\trashnet\dataset-resized\glass\glass500.jpg,glass,glass,0.8932554125785828
data\trashnet\dataset-resized\glass\glass501.jpg,glass,glass,0.7895584106445312
data\trashnet\dataset-resized\glass\glass51.jpg,glass,glass,0.5536260008811951
data\trashnet\dataset-resized\glass\glass52.jpg,glass,glass,0.9928885102272034
data\trashnet\dataset-resized\glass\glass53.jpg,glass,glass,0.6795323491096497
data\trashnet\dataset-resized\glass\glass54.jpg,glass,glass,0.4851670265197754
data\trashnet\dataset-resized\glass\glass55.jpg,glass,plastic,0.5403392314910889
data\trashnet\dataset-resized\glass\glass56.jpg,glass,glass,0.8223448991775513
data\trashnet\dataset-resized\glass\glass57.jpg,glass,plastic,0.9790412187576294
data\trashnet\dataset-resized\glass\glass58.jpg,glass,glass,0.9284179210662842
data\trashnet\dataset-resized\glass\glass59.jpg,glass,glass,0.8409751057624817
data\trashnet\dataset-resized\glass\glass6.jpg,glass,plastic,0.9335079789161682
data\trashnet\dataset-resized\glass\glass60.jpg,glass,glass,0.8677247762680054
data\trashnet\dataset-resized\glass\glass61.jpg,glass,glass,0.7333593964576721
data\trashnet\dataset-resized\glass\glass62.jpg,glass,plastic,0.9038880467414856
data\trashnet\dataset-resized\glass\glass63.jpg,glass,glass,0.810955822467804
data\trashnet\dataset-resized\glass\glass64.jpg,glass,metal,0.7206912636756897
data\trashnet\dataset-resized\glass\glass65.jpg,glass,plastic,0.6492253541946411
data\trashnet\dataset-resized\glass\glass66.jpg,glass,plastic,0.9815260171890259
data\trashnet\dataset-resized\glass\glass67.jpg,glass,glass,0.6946608424186707
data\trashnet\dataset-resized\glass\glass68.jpg,glass,glass,0.618791937828064
data\trashnet\dataset-resized\glass\glass69.jpg,glass,plastic,0.9414845108985901
data\trashnet\dataset-resized\glass\glass7.jpg,glass,plastic,0.8532316088676453
data\trashnet\dataset-resized\glass\glass70.jpg,glass,glass,0.9392369389533997
data\trashnet\dataset-resized\glass\glass71.jpg,glass,plastic,0.9415090084075928
data\trashnet\dataset-resized\glass\glass72.jpg,glass,glass,0.8461136817932129
data\trashnet\dataset-resized\glass\glass73.jpg,glass,glass,0.9809200763702393
data\trashnet\dataset-resized\glass\glass74.jpg,glass,metal,0.7277091145515442
data\trashnet\dataset-resized\glass\glass75.jpg,glass,plastic,0.5201516151428223
data\trashnet\dataset-resized\glass\glass76.jpg,glass,glass,0.9724865555763245
data\trashnet\dataset-resized\glass\glass77.jpg,glass,glass,0.680867075920105
data\trashnet\dataset-resized\glass\glass78.jpg,glass,glass,0.9146239757537842
data\trashnet\dataset-resized\glass\glass79.jpg,glass,glass,0.9915004968643188
data\trashnet\dataset-resized\glass\glass8.jpg,glass,plastic,0.5400072336196899
data\trashnet\dataset-resized\glass\glass80.jpg,glass,plastic,0.5448352694511414
data\trashnet\dataset-resized\glass\glass81.jpg,glass,glass,0.8726544976234436
data\trashnet\dataset-resized\glass\glass82.jpg,glass,glass,0.5898551344871521
data\trashnet\dataset-resized\glass\glass83.jpg,glass,glass,0.9256947636604309
data\trashnet\dataset-resized\glass\glass84.jpg,glass,glass,0.9830130934715271
data\trashnet\dataset-resized\glass\glass85.jpg,glass,glass,0.9494490027427673
data\trashnet\dataset-resized\glass\glass86.jpg,glass,glass,0.9015539884567261
data\trashnet\dataset-resized\glass\glass87.jpg,glass,glass,0.6837695240974426
data\trashnet\dataset-resized\glass\glass88.jpg,glass,plastic,0.5130329132080078
data\trashnet\dataset-resized\glass\glass89.jpg,glass,glass,0.9988501071929932
data\trashnet\dataset-resized\glass\glass9.jpg,glass,plastic,0.5492050647735596
data\trashnet\dataset-resized\glass\glass90.jpg,glass,glass,0.9700769186019897
data\trashnet\dataset-resized\glass\glass91.jpg,glass,glass,0.6078295111656189
data\trashnet\dataset-resized\glass\glass92.jpg,glass,glass,0.9975619316101074
data\trashnet\dataset-resized\glass\glass93.jpg,glass,glass,0.9693095088005066
data\trashnet\dataset-resized\glass\glass94.jpg,glass,glass,0.908154308795929
data\trashnet\dataset-resized\glass\glass95.jpg,glass,glass,0.5732485055923462
data\trashnet\dataset-resized\glass\glass96.jpg,glass,glass,0.681397557258606
data\trashnet\dataset-resized\glass\glass97.jpg,glass,glass,0.9554487466812134
data\trashnet\dataset-resized\glass\glass98.jpg,glass,plastic,0.9529866576194763
data\trashnet\dataset-resized\glass\glass99.jpg,glass,glass,0.8816453814506531
data\trashnet\dataset-resized\metal\metal1.jpg,metal,metal,0.9684717655181885
data\trashnet\dataset-resized\metal\metal10.jpg,metal,plastic,0.7527710199356079
data\trashnet\dataset-resized\metal\metal100.jpg,metal,metal,0.9860475063323975
data\trashnet\dataset-resized\metal\metal101.jpg,metal,metal,0.8932961225509644
data\trashnet\dataset-resized\metal\metal102.jpg,metal,plastic,0.8182995319366455
data\trashnet\dataset-resized\metal\metal103.jpg,metal,plastic,0.9497600197792053
data\trashnet\dataset-resized\metal\metal104.jpg,metal,glass,0.8270110487937927
data\trashnet\dataset-resized\metal\metal105.jpg,metal,metal,0.9952839016914368
data\trashnet\dataset-resized\metal\metal106.jpg,metal,metal,0.5737408995628357
data\trashnet\dataset-resized\metal\metal107.jpg,metal,metal,0.9921567440032959
data\trashnet\dataset-resized\metal\metal108.jpg,metal,metal,0.9416589736938477
data\trashnet\dataset-resized\metal\metal109.jpg,metal,metal,0.9745051860809326
data\trashnet\dataset-resized\metal\metal11.jpg,metal,plastic,0.4980848729610443
data\trashnet\dataset-resized\metal\metal110.jpg,metal,metal,0.9101909399032593
data\trashnet\dataset-resized\metal\metal111.jpg,metal,plastic,0.5186747908592224
data\trashnet\dataset-resized\metal\metal112.jpg,metal,metal,0.8444687724113464
data\trashnet\dataset-resized\metal\metal113.jpg,metal,metal,0.9643594622612
data\trashnet\dataset-resized\metal\metal114.jpg,metal,metal,0.5090052485466003
data\trashnet\dataset-resized\metal\metal115.jpg,metal,metal,0.694856584072113
data\trashnet\dataset-resized\metal\metal116.jpg,metal,metal,0.8949744701385498
data\trashnet\dataset-resized\metal\metal117.jpg,metal,glass,0.6775993704795837
data\trashnet\dataset-resized\metal\metal118.jpg,metal,metal,0.4945495128631592
data\trashnet\dataset-resized\metal\metal119.jpg,metal,metal,0.9938719272613525
data\trashnet\dataset-resized\metal\metal12.jpg,metal,metal,0.968323290348053
data\trashnet\dataset-resized\metal\metal120.jpg,metal,metal,0.7802654504776001
data\trashnet\dataset-resized\metal\metal121.jpg,metal,metal,0.9925974607467651
data\trashnet\dataset-resized\metal\metal122.jpg,metal,metal,0.8787319660186768
data\trashnet\dataset-resized\metal\metal123.jpg,metal,metal,0.9239837527275085
data\trashnet\dataset-resized\metal\metal124.jpg,metal,metal,0.9690984487533569
data\trashnet\dataset-resized\metal\metal125.jpg,metal,metal,0.7929461002349854
data\trashnet\dataset-resized\metal\metal126.jpg,metal,metal,0.9310930371284485
data\trashnet\dataset-resized\metal\metal127.jpg,metal,metal,0.8387055397033691
data\trashnet\dataset-resized\metal\metal128.jpg,metal,metal,0.879317045211792
data\trashnet\dataset-resized\metal\metal129.jpg,metal,metal,0.9899770617485046
data\trashnet\dataset-resized\metal\metal13.jpg,metal,metal,0.9323440194129944
data\trashnet\dataset-resized\metal\metal130.jpg,metal,metal,0.9461970329284668
data\trashnet\dataset-resized\metal\metal131.jpg,metal,glass,0.8950338363647461
data\trashnet\dataset-resized\metal\metal132.jpg,metal,plastic,0.8878102898597717
data\trashnet\dataset-resized\metal\metal133.jpg,metal,metal,0.9979883432388306
data\trashnet\dataset-resized\metal\metal134.jpg,metal,plastic,0.8955438137054443
data\trashnet\dataset-resized\metal\metal135.jpg,metal,metal,0.9943150877952576
data\trashnet\dataset-resized\metal\metal136.jpg,metal,metal,0.9954450130462646
data\trashnet\dataset-resized\metal\metal137.jpg,metal,metal,0.8333788514137268
data\trashnet\dataset-resized\metal\metal138.jpg,metal,metal,0.9792851805686951
data\trashnet\dataset-resized\metal\metal139.jpg,metal,metal,0.9827248454093933
data\trashnet\dataset-resized\metal\metal14.jpg,metal,plastic,0.5095170736312866
data\trashnet\dataset-resized\metal\metal140.jpg,metal,metal,0.9920334219932556
data\trashnet\dataset-resized\metal\metal141.jpg,metal,metal,0.645251452922821
data\trashnet\dataset-resized\metal\metal142.jpg,metal,plastic,0.41344645619392395
data\trashnet\dataset-resized\metal\metal143.jpg,metal,metal,0.9782314896583557
data\trashnet\dataset-resized\metal\metal144.jpg,metal,metal,0.9755541682243347
data\trashnet\dataset-resized\metal\metal145.jpg,metal,metal,0.9823818802833557
data\trashnet\dataset-resized\metal\metal146.jpg,metal,metal,0.9383002519607544
data\trashnet\dataset-resized\metal\metal147.jpg,metal,glass,0.7235123515129089
data\trashnet\dataset-resized\metal\metal148.jpg,metal,metal,0.994743824005127
data\trashnet\dataset-resized\metal\metal149.jpg,metal,metal,0.9850673675537109
data\trashnet\dataset-resized\metal\metal15.jpg,metal,trash,0.4001370668411255
data\trashnet\dataset-resized\metal\metal150.jpg,metal,plastic,0.6721749901771545
data\trashnet\dataset-resized\metal\metal151.jpg,metal,metal,0.9499781131744385
data\trashnet\dataset-resized\metal\metal152.jpg,metal,metal,0.9885827302932739
data\trashnet\dataset-resized\metal\metal153.jpg,metal,plastic,0.49561434984207153
data\trashnet\dataset-resized\metal\metal154.jpg,metal,metal,0.7543424367904663
data\trashnet\dataset-resized\metal\metal155.jpg,metal,metal,0.7986006736755371
data\trashnet\dataset-resized\metal\metal156.jpg,metal,plastic,0.6545534729957581
data\trashnet\dataset-resized\metal\metal157.jpg,metal,glass,0.9414056539535522
data\trashnet\dataset-resized\metal\metal158.jpg,metal,metal,0.9988939166069031
data\trashnet\dataset-resized\metal\metal159.jpg,metal,metal,0.9750176072120667
data\trashnet\dataset-resized\metal\metal16.jpg,metal,metal,0.3463590145111084
data\trashnet\dataset-resized\metal\metal160.jpg,metal,metal,0.9744147658348083
data\trashnet\dataset-resized\metal\metal161.jpg,metal,metal,0.6458706855773926
data\trashnet\dataset-resized\metal\metal162.jpg,metal,metal,0.9276204109191895
data\trashnet\dataset-resized\metal\metal163.jpg,metal,metal,0.9930324554443359
data\trashnet\dataset-resized\metal\metal164.jpg,metal,metal,0.9508541226387024
data\trashnet\dataset-resized\metal\metal165.jpg,metal,metal,0.6922959089279175
data\trashnet\dataset-resized\metal\metal166.jpg,metal,metal,0.5781810283660889
data\trashnet\dataset-resized\metal\metal167.jpg,metal,glass,0.8920750617980957
data\trashnet\dataset-resized\metal\metal168.jpg,metal,metal,0.9987820982933044
data\trashnet\dataset-resized\metal\metal169.jpg,metal,plastic,0.42863354086875916
data\trashnet\dataset-resized\metal\metal17.jpg,metal,glass,0.601720929145813
data\trashnet\dataset-resized\metal\metal170.jpg,metal,glass,0.5491427183151245
data\trashnet\dataset-resized\metal\metal171.jpg,metal,metal,0.43676358461380005
data\trashnet\dataset-resized\metal\metal172.jpg,metal,plastic,0.7843833565711975
data\trashnet\dataset-resized\metal\metal173.jpg,metal,plastic,0.9538212418556213
data\trashnet\dataset-resized\metal\metal174.jpg,metal,metal,0.9379059076309204
data\trashnet\dataset-resized\metal\metal175.jpg,metal,plastic,0.9438844919204712
data\trashnet\dataset-resized\metal\metal176.jpg,metal,plastic,0.9018170833587646
data\trashnet\dataset-resized\metal\metal177.jpg,metal,metal,0.6902501583099365
data\trashnet\dataset-resized\metal\metal178.jpg,metal,metal,0.9897428154945374
data\trashnet\dataset-resized\metal\metal179.jpg,metal,metal,0.8660640716552734
data\trashnet\dataset-resized\metal\metal18.jpg,metal,metal,0.9753684997558594
data\trashnet\dataset-resized\metal\metal180.jpg,metal,metal,0.9297518730163574
data\trashnet\dataset-resized\metal\metal181.jpg,metal,metal,0.9990689158439636
data\trashnet\dataset-resized\metal\metal182.jpg,metal,metal,0.9887984395027161
data\trashnet\dataset-resized\metal\metal183.jpg,metal,metal,0.9935658574104309
data\trashnet\dataset-resized\metal\metal184.jpg,metal,metal,0.9967001080513
data\trashnet\dataset-resized\metal\metal185.jpg,metal,metal,0.766758918762207
data\trashnet\dataset-resized\metal\metal186.jpg,metal,metal,0.9569255113601685
data\trashnet\dataset-resized\metal\metal187.jpg,metal,metal,0.46145278215408325
data\trashnet\dataset-resized\metal\metal188.jpg,metal,metal,0.9848505258560181
data\trashnet\dataset-resized\metal\metal189.jpg,metal,metal,0.9371233582496643
data\trashnet\dataset-resized\metal\metal19.jpg,metal,glass,0.9143198728561401
data\trashnet\dataset-resized\metal\metal190.jpg,metal,metal,0.9981537461280823
data\trashnet\dataset-resized\metal\metal191.jpg,metal,metal,0.9996281862258911
data\trashnet\dataset-resized\metal\metal192.jpg,metal,metal,0.9997429251670837
data\trashnet\dataset-resized\metal\metal193.jpg,metal,metal,0.9994184970855713
data\trashnet\dataset-resized\metal\metal194.jpg,metal,metal,0.9986962676048279
data\trashnet\dataset-resized\metal\metal195.jpg,metal,metal,0.9995840191841125
data\trashnet\dataset-resized\metal\metal196.jpg,metal,plastic,0.577059805393219
data\trashnet\dataset-resized\metal\metal197.jpg,metal,metal,0.9935884475708008
data\trashnet\dataset-resized\metal\metal198.jpg,metal,metal,0.9898994565010071
data\trashnet\dataset-resized\metal\metal199.jpg,metal,metal,0.7385579943656921
data\trashnet\dataset-resized\metal\metal2.jpg,metal,metal,0.8645536303520203
data\trashnet\dataset-resized\metal\metal20.jpg,metal,metal,0.9926970601081848
data\trashnet\dataset-resized\metal\metal200.jpg,metal,metal,0.9998753070831299
data\trashnet\dataset-resized\metal\metal201.jpg,metal,metal,0.7760999202728271
data\trashnet\dataset-resized\metal\metal202.jpg,metal,metal,0.9992316961288452
data\trashnet\dataset-resized\metal\metal203.jpg,metal,metal,0.6390348076820374
data\trashnet\dataset-resized\metal\metal204.jpg,metal,plastic,0.543006956577301
data\trashnet\dataset-resized\metal\metal205.jpg,metal,metal,0.891074001789093
data\trashnet\dataset-resized\metal\metal206.jpg,metal,metal,0.986134946346283
data\trashnet\dataset-resized\metal\metal207.jpg,metal,plastic,0.8075563907623291
data\trashnet\dataset-resized\metal\metal208.jpg,metal,metal,0.5688355565071106
data\trashnet\dataset-resized\metal\metal209.jpg,metal,plastic,0.5651106238365173
data\trashnet\dataset-resized\metal\metal21.jpg,metal,metal,0.5037872791290283
data\trashnet\dataset-resized\metal\metal210.jpg,metal,metal,0.9856680631637573
data\trashnet\dataset-resized\metal\metal211.jpg,metal,metal,0.943324863910675
data\trashnet\dataset-resized\metal\metal212.jpg,metal,metal,0.9200889468193054
data\trashnet\dataset-resized\metal\metal213.jpg,metal,metal,0.9887401461601257
data\trashnet\dataset-resized\metal\metal214.jpg,metal,metal,0.9879680871963501
data\trashnet\dataset-resized\metal\metal215.jpg,metal,metal,0.9923726320266724
data\trashnet\dataset-resized\metal\metal216.jpg,metal,metal,0.9891449809074402
data\trashnet\dataset-resized\metal\metal217.jpg,metal,metal,0.992234468460083
data\trashnet\dataset-resized\metal\metal218.jpg,metal,metal,0.7232663035392761
data\trashnet\dataset-resized\metal\metal219.jpg,metal,metal,0.9490895867347717
data\trashnet\dataset-resized\metal\metal22.jpg,metal,plastic,0.7410113215446472
data\trashnet\dataset-resized\metal\metal220.jpg,metal,paper,0.44231978058815
data\trashnet\dataset-resized\metal\metal221.jpg,metal,metal,0.5003008246421814
data\trashnet\dataset-resized\metal\metal222.jpg,metal,metal,0.9219990372657776
data\trashnet\dataset-resized\metal\metal223.jpg,metal,metal,0.9954406023025513
data\trashnet\dataset-resized\metal\metal224.jpg,metal,metal,0.7223451137542725
data\trashnet\dataset-resized\metal\metal225.jpg,metal,metal,0.6202424168586731
data\trashnet\dataset-resized\metal\metal226.jpg,metal,metal,0.999045193195343
data\trashnet\dataset-resized\metal\metal227.jpg,metal,metal,0.9709180593490601
data\trashnet\dataset-resized\metal\metal228.jpg,metal,glass,0.2988896071910858
data\trashnet\dataset-resized\metal\metal229.jpg,metal,metal,0.9963600039482117
data\trashnet\dataset-resized\metal\metal23.jpg,metal,metal,0.9715426564216614
data\trashnet\dataset-resized\metal\metal230.jpg,metal,metal,0.5859739780426025
data\trashnet\dataset-resized\metal\metal231.jpg,metal,metal,0.9652494192123413
data\trashnet\dataset-resized\metal\metal232.jpg,metal,metal,0.5037644505500793
data\trashnet\dataset-resized\metal\metal233.jpg,metal,metal,0.765749990940094
data\trashnet\dataset-resized\metal\metal234.jpg,metal,metal,0.9671404957771301
data\trashnet\dataset-resized\metal\metal235.jpg,metal,metal,0.8016481995582581
data\trashnet\dataset-resized\metal\metal236.jpg,metal,plastic,0.753778338432312
data\trashnet\dataset-resized\metal\metal237.jpg,metal,plastic,0.4788007438182831
data\trashnet\dataset-resized\metal\metal238.jpg,metal,metal,0.967797577381134
data\trashnet\dataset-resized\metal\metal239.jpg,metal,metal,0.9989258646965027
data\trashnet\dataset-resized\metal\metal24.jpg,metal,metal,0.9973358511924744
data\trashnet\dataset-resized\metal\metal240.jpg,metal,metal,0.8635061383247375
data\trashnet\dataset-resized\metal\metal241.jpg,metal,metal,0.9967858791351318
data\trashnet\dataset-resized\metal\metal242.jpg,metal,plastic,0.514205813407898
data\trashnet\dataset-resized\metal\metal243.jpg,metal,metal,0.9943251013755798
data\trashnet\dataset-resized\metal\metal244.jpg,metal,glass,0.5097044110298157
data\trashnet\dataset-resized\metal\metal245.jpg,metal,glass,0.9357731938362122
data\trashnet\dataset-resized\metal\metal246.jpg,metal,metal,0.8208940029144287
data\trashnet\dataset-resized\metal\metal247.jpg,metal,metal,0.7783704996109009
data\trashnet\dataset-resized\metal\metal248.jpg,metal,metal,0.99505215883255
data\trashnet\dataset-resized\metal\metal249.jpg,metal,metal,0.9046059250831604
data\trashnet\dataset-resized\metal\metal25.jpg,metal,plastic,0.4114477038383484
data\trashnet\dataset-resized\metal\metal250.jpg,metal,plastic,0.7013732194900513
data\trashnet\dataset-resized\metal\metal251.jpg,metal,metal,0.5006718635559082
data\trashnet\dataset-resized\metal\metal252.jpg,metal,metal,0.9511939287185669
data\trashnet\dataset-resized\metal\metal253.jpg,metal,metal,0.791808545589447
data\trashnet\dataset-resized\metal\metal254.jpg,metal,metal,0.9932460784912109
data\trashnet\dataset-resized\metal\metal255.jpg,metal,metal,0.9753592014312744
data\trashnet\dataset-resized\metal\metal256.jpg,metal,metal,0.9021983742713928
data\trashnet\dataset-resized\metal\metal257.jpg,metal,metal,0.4822257459163666
data\trashnet\dataset-resized\metal\metal258.jpg,metal,metal,0.6000604033470154
data\trashnet\dataset-resized\metal\metal259.jpg,metal,metal,0.6099552512168884
data\trashnet\dataset-resized\metal\metal26.jpg,metal,metal,0.9949296712875366
data\trashnet\dataset-resized\metal\metal260.jpg,metal,metal,0.9809731245040894
data\trashnet\dataset-resized\metal\metal261.jpg,metal,plastic,0.9907379746437073
data\trashnet\dataset-resized\metal\metal262.jpg,metal,paper,0.9279639720916748
data\trashnet\dataset-resized\metal\metal263.jpg,metal,plastic,0.6587727665901184
data\trashnet\dataset-resized\metal\metal264.jpg,metal,plastic,0.7143841981887817
data\trashnet\dataset-resized\metal\metal265.jpg,metal,metal,0.9869896769523621
data\trashnet\dataset-resized\metal\metal266.jpg,metal,plastic,0.37768566608428955
data\trashnet\dataset-resized\metal\metal267.jpg,metal,metal,0.9658507704734802
data\trashnet\dataset-resized\metal\metal268.jpg,metal,metal,0.9965921640396118
data\trashnet\dataset-resized\metal\metal269.jpg,metal,plastic,0.854311466217041
data\trashnet\dataset-resized\metal\metal27.jpg,metal,metal,0.9755955934524536
data\trashnet\dataset-resized\metal\metal270.jpg,metal,metal,0.8051503896713257
data\trashnet\dataset-resized\metal\metal271.jpg,metal,metal,0.9976152181625366
data\trashnet\dataset-resized\metal\metal272.jpg,metal,glass,0.7184730768203735
data\trashnet\dataset-resized\metal\metal273.jpg,metal,plastic,0.7183040976524353
data\trashnet\dataset-resized\metal\metal274.jpg,metal,metal,0.9105055928230286
data\trashnet\dataset-resized\metal\metal275.jpg,metal,metal,0.9843867421150208
data\trashnet\dataset-resized\metal\metal276.jpg,metal,metal,0.8456694483757019
data\trashnet\dataset-resized\metal\metal277.jpg,metal,metal,0.6683684587478638
data\trashnet\dataset-resized\metal\metal278.jpg,metal,glass,0.725414514541626
data\trashnet\dataset-resized\metal\metal279.jpg,metal,metal,0.8265661001205444
data\trashnet\dataset-resized\metal\metal28.jpg,metal,metal,0.9958664178848267
data\trashnet\dataset-resized\metal\metal280.jpg,metal,metal,0.5268837213516235
data\trashnet\dataset-resized\metal\metal281.jpg,metal,metal,0.9817043542861938
data\trashnet\dataset-resized\metal\metal282.jpg,metal,metal,0.9991945624351501
data\trashnet\dataset-resized\metal\metal283.jpg,metal,plastic,0.5396133065223694
data\trashnet\dataset-resized\metal\metal284.jpg,metal,metal,0.9971376657485962
data\trashnet\dataset-resized\metal\metal285.jpg,metal,metal,0.9916212558746338
data\trashnet\dataset-resized\metal\metal286.jpg,metal,metal,0.5112311840057373
data\trashnet\dataset-resized\metal\metal287.jpg,metal,metal,0.8837275505065918
data\trashnet\dataset-resized\metal\metal288.jpg,metal,plastic,0.9631232619285583
data\trashnet\dataset-resized\metal\metal289.jpg,metal,metal,0.7565836906433105
data\trashnet\dataset-resized\metal\metal29.jpg,metal,metal,0.999277651309967
data\trashnet\dataset-resized\metal\metal290.jpg,metal,metal,0.7615657448768616
data\trashnet\dataset-resized\metal\metal291.jpg,metal,metal,0.7399082779884338
data\trashnet\dataset-resized\metal\metal292.jpg,metal,plastic,0.9927548766136169
data\trashnet\dataset-resized\metal\metal293.jpg,metal,plastic,0.48258155584335327
data\trashnet\dataset-resized\metal\metal294.jpg,metal,metal,0.9947498440742493
data\trashnet\dataset-resized\metal\metal295.jpg,metal,metal,0.9979357719421387
data\trashnet\dataset-resized\metal\metal296.jpg,metal,metal,0.595285952091217
data\trashnet\dataset-resized\metal\metal297.jpg,metal,metal,0.996769905090332
data\trashnet\dataset-resized\metal\metal298.jpg,metal,metal,0.9820782542228699
data\trashnet\dataset-resized\metal\metal299.jpg,metal,plastic,0.741510808467865
data\trashnet\dataset-resized\metal\metal3.jpg,metal,metal,0.9745814800262451
data\trashnet\dataset-resized\metal\metal30.jpg,metal,metal,0.9849046468734741
data\trashnet\dataset-resized\metal\metal300.jpg,metal,metal,0.9989972710609436
data\trashnet\dataset-resized\metal\metal301.jpg,metal,metal,0.9990643858909607
data\trashnet\dataset-resized\metal\metal302.jpg,metal,glass,0.8729498386383057
data\trashnet\dataset-resized\metal\metal303.jpg,metal,plastic,0.3300624191761017
data\trashnet\dataset-resized\metal\metal304.jpg,metal,metal,0.8637681603431702
data\trashnet\dataset-resized\metal\metal305.jpg,metal,metal,0.9942113757133484
data\trashnet\dataset-resized\metal\metal306.jpg,metal,metal,0.9757689833641052
data\trashnet\dataset-resized\metal\metal307.jpg,metal,metal,0.9677006602287292
data\trashnet\dataset-resized\metal\metal308.jpg,metal,metal,0.7741263508796692
data\trashnet\dataset-resized\metal\metal309.jpg,metal,metal,0.4691450893878937
data\trashnet\dataset-resized\metal\metal31.jpg,metal,metal,0.8042519092559814
data\trashnet\dataset-resized\metal\metal310.jpg,metal,plastic,0.9912428855895996
data\trashnet\dataset-resized\metal\metal311.jpg,metal,metal,0.9884881377220154
data\trashnet\dataset-resized\metal\metal312.jpg,metal,metal,0.6988148093223572
data\trashnet\dataset-resized\metal\metal313.jpg,metal,metal,0.9964599013328552
data\trashnet\dataset-resized\metal\metal314.jpg,metal,trash,0.4086865186691284
data\trashnet\dataset-resized\metal\metal315.jpg,metal,glass,0.43401703238487244
data\trashnet\dataset-resized\metal\metal316.jpg,metal,metal,0.9910644292831421
data\trashnet\dataset-resized\metal\metal317.jpg,metal,metal,0.9896971583366394
data\trashnet\dataset-resized\metal\metal318.jpg,metal,metal,0.9640673995018005
data\trashnet\dataset-resized\metal\metal319.jpg,metal,glass,0.33388230204582214
data\trashnet\dataset-resized\metal\metal32.jpg,metal,metal,0.9977879524230957
data\trashnet\dataset-resized\metal\metal320.jpg,metal,metal,0.7992533445358276
data\trashnet\dataset-resized\metal\metal321.jpg,metal,metal,0.5512645840644836
data\trashnet\dataset-resized\metal\metal322.jpg,metal,metal,0.9079749584197998
data\trashnet\dataset-resized\metal\metal323.jpg,metal,metal,0.9423866868019104
data\trashnet\dataset-resized\metal\metal324.jpg,metal,metal,0.5820325613021851
data\trashnet\dataset-resized\metal\metal325.jpg,metal,metal,0.9910638332366943
data\trashnet\dataset-resized\metal\metal326.jpg,metal,metal,0.9845474362373352
data\trashnet\dataset-resized\metal\metal327.jpg,metal,metal,0.9855238795280457
data\trashnet\dataset-resized\metal\metal328.jpg,metal,trash,0.48464590311050415
data\trashnet\dataset-resized\metal\metal329.jpg,metal,metal,0.9053536653518677
data\trashnet\dataset-resized\metal\metal33.jpg,metal,metal,0.9095458984375
data\trashnet\dataset-resized\metal\metal330.jpg,metal,metal,0.8638057112693787
data\trashnet\dataset-resized\metal\metal331.jpg,metal,glass,0.40468406677246094
data\trashnet\dataset-resized\metal\metal332.jpg,metal,metal,0.9822878837585449
data\trashnet\dataset-resized\metal\metal333.jpg,metal,metal,0.8604796528816223
data\trashnet\dataset-resized\metal\metal334.jpg,metal,metal,0.9642845392227173
data\trashnet\dataset-resized\metal\metal335.jpg,metal,plastic,0.645115852355957
data\trashnet\dataset-resized\metal\metal336.jpg,metal,metal,0.7919632792472839
data\trashnet\dataset-resized\metal\metal337.jpg,metal,metal,0.9504069089889526
data\trashnet\dataset-resized\metal\metal338.jpg,metal,metal,0.92083340883255
data\trashnet\dataset-resized\metal\metal339.jpg,metal,metal,0.9953092932701111
data\trashnet\dataset-resized\metal\metal34.jpg,metal,metal,0.8817701935768127
data\trashnet\dataset-resized\metal\metal340.jpg,metal,glass,0.5988267660140991
data\trashnet\dataset-resized\metal\metal341.jpg,metal,metal,0.8598001003265381
data\trashnet\dataset-resized\metal\metal342.jpg,metal,metal,0.8189306259155273
data\trashnet\dataset-resized\metal\metal343.jpg,metal,metal,0.9988307356834412
data\trashnet\dataset-resized\metal\metal344.jpg,metal,metal,0.9910336136817932
data\trashnet\dataset-resized\metal\metal345.jpg,metal,glass,0.5857717394828796
data\trashnet\dataset-resized\metal\metal346.jpg,metal,glass,0.8541959524154663
data\trashnet\dataset-resized\metal\metal347.jpg,metal,metal,0.5251892805099487
data\trashnet\dataset-resized\metal\metal348.jpg,metal,metal,0.728412926197052
data\trashnet\dataset-resized\metal\metal349.jpg,metal,metal,0.7253135442733765
data\trashnet\dataset-resized\metal\metal35.jpg,metal,metal,0.6479496955871582
data\trashnet\dataset-resized\metal\metal350.jpg,metal,metal,0.4928305149078369
data\trashnet\dataset-resized\metal\metal351.jpg,metal,plastic,0.7995219230651855
data\trashnet\dataset-resized\metal\metal352.jpg,metal,plastic,0.8941036462783813
data\trashnet\dataset-resized\metal\metal353.jpg,metal,cardboard,0.3714425265789032
data\trashnet\dataset-resized\metal\metal354.jpg,metal,metal,0.9931812882423401
data\trashnet\dataset-resized\metal\metal355.jpg,metal,metal,0.8636054396629333
data\trashnet\dataset-resized\metal\metal356.jpg,metal,metal,0.8779951333999634
data\trashnet\dataset-resized\metal\metal357.jpg,metal,metal,0.8362792730331421
data\trashnet\dataset-resized\metal\metal358.jpg,metal,plastic,0.518255352973938
data\trashnet\dataset-resized\metal\metal359.jpg,metal,metal,0.9945024251937866
data\trashnet\dataset-resized\metal\metal36.jpg,metal,metal,0.8360187411308289
data\trashnet\dataset-resized\metal\metal360.jpg,metal,metal,0.8904122114181519
data\trashnet\dataset-resized\metal\metal361.jpg,metal,metal,0.9115883111953735
data\trashnet\dataset-resized\metal\metal362.jpg,metal,metal,0.902450442314148
data\trashnet\dataset-resized\metal\metal363.jpg,metal,metal,0.9879081845283508
data\trashnet\dataset-resized\metal\metal364.jpg,metal,plastic,0.9257842302322388
data\trashnet\dataset-resized\metal\metal365.jpg,metal,metal,0.6124361753463745
data\trashnet\dataset-resized\metal\metal366.jpg,metal,metal,0.9834663271903992
data\trashnet\dataset-resized\metal\metal367.jpg,metal,metal,0.9963713884353638
data\trashnet\dataset-resized\metal\metal368.jpg,metal,metal,0.891327440738678
data\trashnet\dataset-resized\metal\metal369.jpg,metal,metal,0.806168258190155
data\trashnet\dataset-resized\metal\metal37.jpg,metal,metal,0.5001149773597717
data\trashnet\dataset-resized\metal\metal370.jpg,metal,metal,0.8283589482307434
data\trashnet\dataset-resized\metal\metal371.jpg,metal,plastic,0.6003111600875854
data\trashnet\dataset-resized\metal\metal372.jpg,metal,metal,0.8500809073448181
data\trashnet\dataset-resized\metal\metal373.jpg,metal,metal,0.5012624859809875
data\trashnet\dataset-resized\metal\metal374.jpg,metal,plastic,0.680004358291626
data\trashnet\dataset-resized\metal\metal375.jpg,metal,metal,0.6238577365875244
data\trashnet\dataset-resized\metal\metal376.jpg,metal,metal,0.9622858762741089
data\trashnet\dataset-resized\metal\metal377.jpg,metal,metal,0.9854641556739807
data\trashnet\dataset-resized\metal\metal378.jpg,metal,metal,0.6289446949958801
data\trashnet\dataset-resized\metal\metal379.jpg,metal,metal,0.9902060627937317
data\trashnet\dataset-resized\metal\metal38.jpg,metal,metal,0.9911779761314392
data\trashnet\dataset-resized\metal\metal380.jpg,metal,metal,0.7225764393806458
data\trashnet\dataset-resized\metal\metal381.jpg,metal,metal,0.8321126103401184
data\trashnet\dataset-resized\metal\metal382.jpg,metal,metal,0.955599844455719
data\trashnet\dataset-resized\metal\metal383.jpg,metal,plastic,0.9878612756729126
data\trashnet\dataset-resized\metal\metal384.jpg,metal,plastic,0.8938232660293579
data\trashnet\dataset-resized\metal\metal385.jpg,metal,metal,0.48601511120796204
data\trashnet\dataset-resized\metal\metal386.jpg,metal,glass,0.4718644618988037
data\trashnet\dataset-resized\metal\metal387.jpg,metal,metal,0.9803715348243713
data\trashnet\dataset-resized\metal\metal388.jpg,metal,metal,0.29860422015190125
data\trashnet\dataset-resized\metal\metal389.jpg,metal,glass,0.7957680225372314
data\trashnet\dataset-resized\metal\metal39.jpg,metal,metal,0.6151577830314636
data\trashnet\dataset-resized\metal\metal390.jpg,metal,metal,0.759818971157074
data\trashnet\dataset-resized\metal\metal391.jpg,metal,metal,0.8353968858718872
data\trashnet\dataset-resized\metal\metal392.jpg,metal,metal,0.9062134623527527
data\trashnet\dataset-resized\metal\metal393.jpg,metal,glass,0.8426527380943298
data\trashnet\dataset-resized\metal\metal394.jpg,metal,metal,0.7888017892837524
data\trashnet\dataset-resized\metal\metal395.jpg,metal,metal,0.8498656153678894
data\trashnet\dataset-resized\metal\metal396.jpg,metal,metal,0.9851055145263672
data\trashnet\dataset-resized\metal\metal397.jpg,metal,metal,0.9928315877914429
data\trashnet\dataset-resized\metal\metal398.jpg,metal,metal,0.9981017708778381
data\trashnet\dataset-resized\metal\metal399.jpg,metal,metal,0.9940488338470459
data\trashnet\dataset-resized\metal\metal4.jpg,metal,metal,0.9785782694816589
data\trashnet\dataset-resized\metal\metal40.jpg,metal,metal,0.8709743022918701
data\trashnet\dataset-resized\metal\metal400.jpg,metal,metal,0.9201119542121887
data\trashnet\dataset-resized\metal\metal401.jpg,metal,metal,0.9959825277328491
data\trashnet\dataset-resized\metal\metal402.jpg,metal,metal,0.882921040058136
data\trashnet\dataset-resized\metal\metal403.jpg,metal,metal,0.761509358882904
data\trashnet\dataset-resized\metal\metal404.jpg,metal,plastic,0.7869704365730286
data\trashnet\dataset-resized\metal\metal405.jpg,metal,metal,0.4463792145252228
data\trashnet\dataset-resized\metal\metal406.jpg,metal,metal,0.42005792260169983
data\trashnet\dataset-resized\metal\metal407.jpg,metal,metal,0.8881204128265381
data\trashnet\dataset-resized\metal\metal408.jpg,metal,metal,0.48053476214408875
data\trashnet\dataset-resized\metal\metal409.jpg,metal,metal,0.883036732673645
data\trashnet\dataset-resized\metal\metal41.jpg,metal,metal,0.9916175007820129
data\trashnet\dataset-resized\metal\metal410.jpg,metal,metal,0.9901977777481079
data\trashnet\dataset-resized\metal\metal42.jpg,metal,plastic,0.2653638422489166
data\trashnet\dataset-resized\metal\metal43.jpg,metal,plastic,0.46155744791030884
data\trashnet\dataset-resized\metal\metal44.jpg,metal,plastic,0.6700999736785889
data\trashnet\dataset-resized\metal\metal45.jpg,metal,trash,0.3718241751194
data\trashnet\dataset-resized\metal\metal46.jpg,metal,metal,0.6347193121910095
data\trashnet\dataset-resized\metal\metal47.jpg,metal,metal,0.7522135972976685
data\trashnet\dataset-resized\metal\metal48.jpg,metal,glass,0.940416157245636
data\trashnet\dataset-resized\metal\metal49.jpg,metal,metal,0.913997232913971
data\trashnet\dataset-resized\metal\metal5.jpg,metal,plastic,0.9648025631904602
data\trashnet\dataset-resized\metal\metal50.jpg,metal,metal,0.6669721603393555
data\trashnet\dataset-resized\metal\metal51.jpg,metal,metal,0.9983569979667664
data\trashnet\dataset-resized\metal\metal52.jpg,metal,glass,0.7835339903831482
data\trashnet\dataset-resized\metal\metal53.jpg,metal,metal,0.9847229719161987
data\trashnet\dataset-resized\metal\metal54.jpg,metal,metal,0.9973089694976807
data\trashnet\dataset-resized\metal\metal55.jpg,metal,metal,0.6531610488891602
data\trashnet\dataset-resized\metal\metal56.jpg,metal,metal,0.9757230281829834
data\trashnet\dataset-resized\metal\metal57.jpg,metal,metal,0.8813886642456055
data\trashnet\dataset-resized\metal\metal58.jpg,metal,metal,0.8813861608505249
data\trashnet\dataset-resized\metal\metal59.jpg,metal,metal,0.9291591644287109
data\trashnet\dataset-resized\metal\metal6.jpg,metal,metal,0.8164028525352478
data\trashnet\dataset-resized\metal\metal60.jpg,metal,metal,0.9748343229293823
data\trashnet\dataset-resized\metal\metal61.jpg,metal,metal,0.6886138319969177
data\trashnet\dataset-resized\metal\metal62.jpg,metal,metal,0.9836117625236511
data\trashnet\dataset-resized\metal\metal63.jpg,metal,metal,0.961316704750061
data\trashnet\dataset-resized\metal\metal64.jpg,metal,metal,0.9518547058105469
data\trashnet\dataset-resized\metal\metal65.jpg,metal,plastic,0.7761948108673096
data\trashnet\dataset-resized\metal\metal66.jpg,metal,metal,0.8540472388267517
data\trashnet\dataset-resized\metal\metal67.jpg,metal,metal,0.7785681486129761
data\trashnet\dataset-resized\metal\metal68.jpg,metal,metal,0.9618703722953796
data\trashnet\dataset-resized\metal\metal69.jpg,metal,metal,0.9449662566184998
data\trashnet\dataset-resized\metal\metal7.jpg,metal,metal,0.5801228880882263
data\trashnet\dataset-resized\metal\metal70.jpg,metal,metal,0.8389231562614441
data\trashnet\dataset-resized\metal\metal71.jpg,metal,metal,0.918913722038269
data\trashnet\dataset-resized\metal\metal72.jpg,metal,metal,0.44486644864082336
data\trashnet\dataset-resized\metal\metal73.jpg,metal,metal,0.9941166639328003
data\trashnet\dataset-resized\metal\metal74.jpg,metal,metal,0.5647357702255249
data\trashnet\dataset-resized\metal\metal75.jpg,metal,plastic,0.9061514139175415
data\trashnet\dataset-resized\metal\metal76.jpg,metal,metal,0.8980355858802795
data\trashnet\dataset-resized\metal\metal77.jpg,metal,plastic,0.7026942372322083
data\trashnet\dataset-resized\metal\metal78.jpg,metal,metal,0.988593578338623
data\trashnet\dataset-resized\metal\metal79.jpg,metal,metal,0.9945782423019409
data\trashnet\dataset-resized\metal\metal8.jpg,metal,plastic,0.6020205616950989
data\trashnet\dataset-resized\metal\metal80.jpg,metal,metal,0.9500933885574341
data\trashnet\dataset-resized\metal\metal81.jpg,metal,metal,0.9677515625953674
data\trashnet\dataset-resized\metal\metal82.jpg,metal,metal,0.6735664010047913
data\trashnet\dataset-resized\metal\metal83.jpg,metal,metal,0.9996262788772583
data\trashnet\dataset-resized\metal\metal84.jpg,metal,metal,0.9895097017288208
data\trashnet\dataset-resized\metal\metal85.jpg,metal,metal,0.9695509076118469
data\trashnet\dataset-resized\metal\metal86.jpg,metal,metal,0.9895862936973572
data\trashnet\dataset-resized\metal\metal87.jpg,metal,glass,0.8891217112541199
data\trashnet\dataset-resized\metal\metal88.jpg,metal,metal,0.9288920760154724
data\trashnet\dataset-resized\metal\metal89.jpg,metal,plastic,0.6422682404518127
data\trashnet\dataset-resized\metal\metal9.jpg,metal,metal,0.7429189085960388
data\trashnet\dataset-resized\metal\metal90.jpg,metal,metal,0.845424234867096
data\trashnet\dataset-resized\metal\metal91.jpg,metal,metal,0.7771639823913574
data\trashnet\dataset-resized\metal\metal92.jpg,metal,metal,0.9766502380371094
data\trashnet\dataset-resized\metal\metal93.jpg,metal,metal,0.688057005405426
data\trashnet\dataset-resized\metal\metal94.jpg,metal,metal,0.5328677892684937
data\trashnet\dataset-resized\metal\metal95.jpg,metal,metal,0.9402042031288147
data\trashnet\dataset-resized\metal\metal96.jpg,metal,metal,0.9704216122627258
data\trashnet\dataset-resized\metal\metal97.jpg,metal,plastic,0.841677725315094
data\trashnet\dataset-resized\metal\metal98.jpg,metal,metal,0.9191616177558899
data\trashnet\dataset-resized\metal\metal99.jpg,metal,metal,0.954562246799469
data\trashnet\dataset-resized\paper\paper1.jpg,paper,paper,0.9955930113792419
data\trashnet\dataset-resized\paper\paper10.jpg,paper,cardboard,0.5957443118095398
data\trashnet\dataset-resized\paper\paper100.jpg,paper,paper,0.8253949880599976
data\trashnet\dataset-resized\paper\paper101.jpg,paper,paper,0.4535481035709381
data\trashnet\dataset-resized\paper\paper102.jpg,paper,plastic,0.5872787833213806
data\trashnet\dataset-resized\paper\paper103.jpg,paper,paper,0.6327135562896729
data\trashnet\dataset-resized\paper\paper104.jpg,paper,plastic,0.661127507686615
data\trashnet\dataset-resized\paper\paper105.jpg,paper,paper,0.9192695617675781
data\trashnet\dataset-resized\paper\paper106.jpg,paper,cardboard,0.4853164255619049
data\trashnet\dataset-resized\paper\paper107.jpg,paper,paper,0.4964868426322937
data\trashnet\dataset-resized\paper\paper108.jpg,paper,paper,0.42801526188850403
data\trashnet\dataset-resized\paper\paper109.jpg,paper,plastic,0.43530261516571045
data\trashnet\dataset-resized\paper\paper11.jpg,paper,paper,0.7918006181716919
data\trashnet\dataset-resized\paper\paper110.jpg,paper,cardboard,0.8901529312133789
data\trashnet\dataset-resized\paper\paper111.jpg,paper,plastic,0.6093457937240601
data\trashnet\dataset-resized\paper\paper112.jpg,paper,plastic,0.5140540599822998
data\trashnet\dataset-resized\paper\paper113.jpg,paper,plastic,0.9805606603622437
data\trashnet\dataset-resized\paper\paper114.jpg,paper,paper,0.763236939907074
data\trashnet\dataset-resized\paper\paper115.jpg,paper,paper,0.9760613441467285
data\trashnet\dataset-resized\paper\paper116.jpg,paper,paper,0.9820453524589539
data\trashnet\dataset-resized\paper\paper117.jpg,paper,paper,0.6022334098815918
data\trashnet\dataset-resized\paper\paper118.jpg,paper,paper,0.938835859298706
data\trashnet\dataset-resized\paper\paper119.jpg,paper,cardboard,0.4692801535129547
data\trashnet\dataset-resized\paper\paper12.jpg,paper,paper,0.4318119287490845
data\trashnet\dataset-resized\paper\paper120.jpg,paper,plastic,0.6685599088668823
data\trashnet\dataset-resized\paper\paper121.jpg,paper,paper,0.4667283594608307
data\trashnet\dataset-resized\paper\paper122.jpg,paper,plastic,0.9525918960571289
data\trashnet\dataset-resized\paper\paper123.jpg,paper,paper,0.8940851092338562
data\trashnet\dataset-resized\paper\paper124.jpg,paper,paper,0.7554760575294495
data\trashnet\dataset-resized\paper\paper125.jpg,paper,paper,0.9187203645706177
data\trashnet\dataset-resized\paper\paper126.jpg,paper,paper,0.9992414712905884
data\trashnet\dataset-resized\paper\paper127.jpg,paper,cardboard,0.43945568799972534
data\trashnet\dataset-resized\paper\paper128.jpg,paper,paper,0.6175508499145508
data\trashnet\dataset-resized\paper\paper129.jpg,paper,paper,0.3621412515640259
data\trashnet\dataset-resized\paper\paper13.jpg,paper,paper,0.9489806294441223
data\trashnet\dataset-resized\paper\paper130.jpg,paper,paper,0.5734323263168335
data\trashnet\dataset-resized\paper\paper131.jpg,paper,paper,0.9554923176765442
data\trashnet\dataset-resized\paper\paper132.jpg,paper,paper,0.9405709505081177
data\trashnet\dataset-resized\paper\paper133.jpg,paper,plastic,0.49957096576690674
data\trashnet\dataset-resized\paper\paper134.jpg,paper,plastic,0.5449352860450745
data\trashnet\dataset-resized\paper\paper135.jpg,paper,paper,0.9874113202095032
data\trashnet\dataset-resized\paper\paper136.jpg,paper,paper,0.9143251776695251
data\trashnet\dataset-resized\paper\paper137.jpg,paper,paper,0.9901074171066284
data\trashnet\dataset-resized\paper\paper138.jpg,paper,paper,0.7224621772766113
data\trashnet\dataset-resized\paper\paper139.jpg,paper,paper,0.7633456587791443
data\trashnet\dataset-resized\paper\paper14.jpg,paper,paper,0.8477678894996643
data\trashnet\dataset-resized\paper\paper140.jpg,paper,paper,0.7178494334220886
data\trashnet\dataset-resized\paper\paper141.jpg,paper,paper,0.8208144307136536
data\trashnet\dataset-resized\paper\paper142.jpg,paper,plastic,0.910965621471405
data\trashnet\dataset-resized\paper\paper143.jpg,paper,paper,0.9518234133720398
data\trashnet\dataset-resized\paper\paper144.jpg,paper,paper,0.7212634086608887
data\trashnet\dataset-resized\paper\paper145.jpg,paper,paper,0.994575023651123
data\trashnet\dataset-resized\paper\paper146.jpg,paper,paper,0.9823309183120728
data\trashnet\dataset-resized\paper\paper147.jpg,paper,trash,0.8852424621582031
data\trashnet\dataset-resized\paper\paper148.jpg,paper,paper,0.915200412273407
data\trashnet\dataset-resized\paper\paper149.jpg,paper,paper,0.4413175582885742
data\trashnet\dataset-resized\paper\paper15.jpg,paper,plastic,0.870532214641571
data\trashnet\dataset-resized\paper\paper150.jpg,paper,paper,0.6239981055259705
data\trashnet\dataset-resized\paper\paper151.jpg,paper,plastic,0.8589667081832886
data\trashnet\dataset-resized\paper\paper152.jpg,paper,paper,0.707283616065979
data\trashnet\dataset-resized\paper\paper153.jpg,paper,paper,0.9660019278526306
data\trashnet\dataset-resized\paper\paper154.jpg,paper,paper,0.9578718543052673
data\trashnet\dataset-resized\paper\paper155.jpg,paper,paper,0.5970941185951233
data\trashnet\dataset-resized\paper\paper156.jpg,paper,paper,0.9203410744667053
data\trashnet\dataset-resized\paper\paper157.jpg,paper,paper,0.9312088489532471
data\trashnet\dataset-resized\paper\paper158.jpg,paper,plastic,0.7083454132080078
data\trashnet\dataset-resized\paper\paper159.jpg,paper,paper,0.635839581489563
data\trashnet\dataset-resized\paper\paper16.jpg,paper,paper,0.6692641973495483
data\trashnet\dataset-resized\paper\paper160.jpg,paper,plastic,0.8583230376243591
data\trashnet\dataset-resized\paper\paper161.jpg,paper,plastic,0.6960235834121704
data\trashnet\dataset-resized\paper\paper162.jpg,paper,plastic,0.4542807638645172
data\trashnet\dataset-resized\paper\paper163.jpg,paper,paper,0.3334973156452179
data\trashnet\dataset-resized\paper\paper164.jpg,paper,paper,0.9393037557601929
data\trashnet\dataset-resized\paper\paper165.jpg,paper,paper,0.6079012155532837
data\trashnet\dataset-resized\paper\paper166.jpg,paper,plastic,0.5135905146598816
data\trashnet\dataset-resized\paper\paper167.jpg,paper,plastic,0.6782786846160889
data\trashnet\dataset-resized\paper\paper168.jpg,paper,plastic,0.7198073863983154
data\trashnet\dataset-resized\paper\paper169.jpg,paper,paper,0.9954115748405457
data\trashnet\dataset-resized\paper\paper17.jpg,paper,plastic,0.8314864039421082
data\trashnet\dataset-resized\paper\paper170.jpg,paper,paper,0.5499822497367859
data\trashnet\dataset-resized\paper\paper171.jpg,paper,plastic,0.8046734929084778
data\trashnet\dataset-resized\paper\paper172.jpg,paper,cardboard,0.9823428988456726
data\trashnet\dataset-resized\paper\paper173.jpg,paper,paper,0.983467161655426
data\trashnet\dataset-resized\paper\paper174.jpg,paper,paper,0.6392189264297485
data\trashnet\dataset-resized\paper\paper175.jpg,paper,paper,0.949178159236908
data\trashnet\dataset-resized\paper\paper176.jpg,paper,plastic,0.558783233165741
data\trashnet\dataset-resized\paper\paper177.jpg,paper,plastic,0.8475375771522522
data\trashnet\dataset-resized\paper\paper178.jpg,paper,paper,0.9978935122489929
data\trashnet\dataset-resized\paper\paper179.jpg,paper,paper,0.9459646344184875
data\trashnet\dataset-resized\paper\paper18.jpg,paper,paper,0.48315495252609253
data\trashnet\dataset-resized\paper\paper180.jpg,paper,paper,0.7863624691963196
data\trashnet\dataset-resized\paper\paper181.jpg,paper,paper,0.5639691948890686
data\trashnet\dataset-resized\paper\paper182.jpg,paper,paper,0.9312851428985596
data\trashnet\dataset-resized\paper\paper183.jpg,paper,plastic,0.5087807774543762
data\trashnet\dataset-resized\paper\paper184.jpg,paper,plastic,0.575808048248291
data\trashnet\dataset-resized\paper\paper185.jpg,paper,paper,0.718181312084198
data\trashnet\dataset-resized\paper\paper186.jpg,paper,plastic,0.6897999048233032
data\trashnet\dataset-resized\paper\paper187.jpg,paper,paper,0.48682183027267456
data\trashnet\dataset-resized\paper\paper188.jpg,paper,cardboard,0.5834805965423584
data\trashnet\dataset-resized\paper\paper189.jpg,paper,plastic,0.6266803741455078
data\trashnet\dataset-resized\paper\paper19.jpg,paper,plastic,0.4771049916744232
data\trashnet\dataset-resized\paper\paper190.jpg,paper,plastic,0.7213885188102722
data\trashnet\dataset-resized\paper\paper191.jpg,paper,paper,0.9677990078926086
data\trashnet\dataset-resized\paper\paper192.jpg,paper,paper,0.9362356662750244
data\trashnet\dataset-resized\paper\paper193.jpg,paper,cardboard,0.6966750025749207
data\trashnet\dataset-resized\paper\paper194.jpg,paper,paper,0.7832632064819336
data\trashnet\dataset-resized\paper\paper195.jpg,paper,paper,0.9979822635650635
data\trashnet\dataset-resized\paper\paper196.jpg,paper,paper,0.5287660956382751
data\trashnet\dataset-resized\paper\paper197.jpg,paper,paper,0.66960608959198
data\trashnet\dataset-resized\paper\paper198.jpg,paper,plastic,0.576324462890625
data\trashnet\dataset-resized\paper\paper199.jpg,paper,cardboard,0.670257031917572
data\trashnet\dataset-resized\paper\paper2.jpg,paper,paper,0.39017224311828613
data\trashnet\dataset-resized\paper\paper20.jpg,paper,plastic,0.6226465106010437
data\trashnet\dataset-resized\paper\paper200.jpg,paper,plastic,0.7080708146095276
data\trashnet\dataset-resized\paper\paper201.jpg,paper,metal,0.8168335556983948
data\trashnet\dataset-resized\paper\paper202.jpg,paper,paper,0.9212549924850464
data\trashnet\dataset-resized\paper\paper203.jpg,paper,paper,0.9077763557434082
data\trashnet\dataset-resized\paper\paper204.jpg,paper,paper,0.9957727789878845
data\trashnet\dataset-resized\paper\paper205.jpg,paper,cardboard,0.4507482647895813
data\trashnet\dataset-resized\paper\paper206.jpg,paper,paper,0.7149435877799988
data\trashnet\dataset-resized\paper\paper207.jpg,paper,paper,0.6042249798774719
data\trashnet\dataset-resized\paper\paper208.jpg,paper,plastic,0.516579806804657
data\trashnet\dataset-resized\paper\paper209.jpg,paper,plastic,0.5705326199531555
data\trashnet\dataset-resized\paper\paper21.jpg,paper,cardboard,0.7114803194999695
data\trashnet\dataset-resized\paper\paper210.jpg,paper,paper,0.7376493811607361
data\trashnet\dataset-resized\paper\paper211.jpg,paper,plastic,0.7186203002929688
data\trashnet\dataset-resized\paper\paper212.jpg,paper,cardboard,0.770616888999939
data\trashnet\dataset-resized\paper\paper213.jpg,paper,cardboard,0.9885877370834351
data\trashnet\dataset-resized\paper\paper214.jpg,paper,paper,0.6346473097801208
data\trashnet\dataset-resized\paper\paper215.jpg,paper,paper,0.4602605700492859
data\trashnet\dataset-resized\paper\paper216.jpg,paper,cardboard,0.6502398252487183
data\trashnet\dataset-resized\paper\paper217.jpg,paper,paper,0.630377471446991
data\trashnet\dataset-resized\paper\paper218.jpg,paper,plastic,0.5241132378578186
data\trashnet\dataset-resized\paper\paper219.jpg,paper,paper,0.5915775895118713
data\trashnet\dataset-resized\paper\paper22.jpg,paper,paper,0.9991746544837952
data\trashnet\dataset-resized\paper\paper220.jpg,paper,paper,0.9855766892433167
data\trashnet\dataset-resized\paper\paper221.jpg,paper,paper,0.936087965965271
data\trashnet\dataset-resized\paper\paper222.jpg,paper,plastic,0.43924131989479065
data\trashnet\dataset-resized\paper\paper223.jpg,paper,paper,0.8792843818664551
data\trashnet\dataset-resized\paper\paper224.jpg,paper,paper,0.8561679124832153
data\trashnet\dataset-resized\paper\paper225.jpg,paper,plastic,0.8914749622344971
data\trashnet\dataset-resized\paper\paper226.jpg,paper,paper,0.588974118232727
data\trashnet\dataset-resized\paper\paper227.jpg,paper,paper,0.6181479096412659
data\trashnet\dataset-resized\paper\paper228.jpg,paper,paper,0.7511348724365234
data\trashnet\dataset-resized\paper\paper229.jpg,paper,cardboard,0.54403156042099
data\trashnet\dataset-resized\paper\paper23.jpg,paper,paper,0.5475606918334961
data\trashnet\dataset-resized\paper\paper230.jpg,paper,cardboard,0.864090621471405
data\trashnet\dataset-resized\paper\paper231.jpg,paper,paper,0.48649048805236816
data\trashnet\dataset-resized\paper\paper232.jpg,paper,paper,0.7163327932357788
data\trashnet\dataset-resized\paper\paper233.jpg,paper,plastic,0.48223382234573364
data\trashnet\dataset-resized\paper\paper234.jpg,paper,paper,0.6910240650177002
data\trashnet\dataset-resized\paper\paper235.jpg,paper,cardboard,0.666373610496521
data\trashnet\dataset-resized\paper\paper236.jpg,paper,trash,0.6299411654472351
data\trashnet\dataset-resized\paper\paper237.jpg,paper,paper,0.6117793917655945
data\trashnet\dataset-resized\paper\paper238.jpg,paper,paper,0.6763659715652466
data\trashnet\dataset-resized\paper\paper239.jpg,paper,paper,0.9979639053344727
data\trashnet\dataset-resized\paper\paper24.jpg,paper,paper,0.9772390127182007
data\trashnet\dataset-resized\paper\paper240.jpg,paper,plastic,0.6169381141662598
data\trashnet\dataset-resized\paper\paper241.jpg,paper,paper,0.9765167832374573
data\trashnet\dataset-resized\paper\paper242.jpg,paper,paper,0.5149040818214417
data\trashnet\dataset-resized\paper\paper243.jpg,paper,plastic,0.9811515212059021
data\trashnet\dataset-resized\paper\paper244.jpg,paper,plastic,0.802939772605896
data\trashnet\dataset-resized\paper\paper245.jpg,paper,paper,0.7766357064247131
data\trashnet\dataset-resized\paper\paper246.jpg,paper,cardboard,0.47031110525131226
data\trashnet\dataset-resized\paper\paper247.jpg,paper,paper,0.5786174535751343
data\trashnet\dataset-resized\paper\paper248.jpg,paper,trash,0.4940999746322632
data\trashnet\dataset-resized\paper\paper249.jpg,paper,paper,0.9963269829750061
data\trashnet\dataset-resized\paper\paper25.jpg,paper,paper,0.6202409863471985
data\trashnet\dataset-resized\paper\paper250.jpg,paper,paper,0.9140674471855164
data\trashnet\dataset-resized\paper\paper251.jpg,paper,trash,0.831146776676178
data\trashnet\dataset-resized\paper\paper252.jpg,paper,cardboard,0.6588204503059387
data\trashnet\dataset-resized\paper\paper253.jpg,paper,cardboard,0.8224679231643677
data\trashnet\dataset-resized\paper\paper254.jpg,paper,paper,0.9644649028778076
data\trashnet\dataset-resized\paper\paper255.jpg,paper,paper,0.8617256283760071
data\trashnet\dataset-resized\paper\paper256.jpg,paper,cardboard,0.9464583396911621
data\trashnet\dataset-resized\paper\paper257.jpg,paper,paper,0.5537146925926208
data\trashnet\dataset-resized\paper\paper258.jpg,paper,cardboard,0.9516832232475281
data\trashnet\dataset-resized\paper\paper259.jpg,paper,paper,0.6702468395233154
data\trashnet\dataset-resized\paper\paper26.jpg,paper,paper,0.8104009032249451
data\trashnet\dataset-resized\paper\paper260.jpg,paper,paper,0.9119901657104492
data\trashnet\dataset-resized\paper\paper261.jpg,paper,paper,0.9457725286483765
data\trashnet\dataset-resized\paper\paper262.jpg,paper,paper,0.4091009795665741
data\trashnet\dataset-resized\paper\paper263.jpg,paper,plastic,0.7480980753898621
data\trashnet\dataset-resized\paper\paper264.jpg,paper,plastic,0.4376777410507202
data\trashnet\dataset-resized\paper\paper265.jpg,paper,trash,0.438957154750824
data\trashnet\dataset-resized\paper\paper266.jpg,paper,paper,0.8353028297424316
data\trashnet\dataset-resized\paper\paper267.jpg,paper,plastic,0.5638729929924011
data\trashnet\dataset-resized\paper\paper268.jpg,paper,paper,0.8562525510787964
data\trashnet\dataset-resized\paper\paper269.jpg,paper,paper,0.9582369923591614
data\trashnet\dataset-resized\paper\paper27.jpg,paper,paper,0.9925838708877563
data\trashnet\dataset-resized\paper\paper270.jpg,paper,paper,0.84682697057724
data\trashnet\dataset-resized\paper\paper271.jpg,paper,paper,0.9529836177825928
data\trashnet\dataset-resized\paper\paper272.jpg,paper,paper,0.6303857564926147
data\trashnet\dataset-resized\paper\paper273.jpg,paper,paper,0.9998880624771118
data\trashnet\dataset-resized\paper\paper274.jpg,paper,paper,0.996950626373291
data\trashnet\dataset-resized\paper\paper275.jpg,paper,cardboard,0.5914194583892822
data\trashnet\dataset-resized\paper\paper276.jpg,paper,paper,0.8955609202384949
data\trashnet\dataset-resized\paper\paper277.jpg,paper,paper,0.7452821135520935
data\trashnet\dataset-resized\paper\paper278.jpg,paper,plastic,0.8464211225509644
data\trashnet\dataset-resized\paper\paper279.jpg,paper,paper,0.935418426990509
data\trashnet\dataset-resized\paper\paper28.jpg,paper,paper,0.4869885742664337
data\trashnet\dataset-resized\paper\paper280.jpg,paper,paper,0.9387568235397339
data\trashnet\dataset-resized\paper\paper281.jpg,paper,paper,0.831627607345581
data\trashnet\dataset-resized\paper\paper282.jpg,paper,paper,0.9417972564697266
data\trashnet\dataset-resized\paper\paper283.jpg,paper,plastic,0.7283462285995483
data\trashnet\dataset-resized\paper\paper284.jpg,paper,paper,0.6154546737670898
data\trashnet\dataset-resized\paper\paper285.jpg,paper,paper,0.9114406704902649
data\trashnet\dataset-resized\paper\paper286.jpg,paper,plastic,0.9488751888275146
data\trashnet\dataset-resized\paper\paper287.jpg,paper,trash,0.7861917614936829
data\trashnet\dataset-resized\paper\paper288.jpg,paper,plastic,0.8740555047988892
data\trashnet\dataset-resized\paper\paper289.jpg,paper,paper,0.8623328804969788
data\trashnet\dataset-resized\paper\paper29.jpg,paper,cardboard,0.5090379118919373
data\trashnet\dataset-resized\paper\paper290.jpg,paper,paper,0.910153865814209
data\trashnet\dataset-resized\paper\paper291.jpg,paper,paper,0.650758683681488
data\trashnet\dataset-resized\paper\paper292.jpg,paper,plastic,0.7062041163444519
data\trashnet\dataset-resized\paper\paper293.jpg,paper,plastic,0.7456427812576294
data\trashnet\dataset-resized\paper\paper294.jpg,paper,paper,0.9349818825721741
data\trashnet\dataset-resized\paper\paper295.jpg,paper,paper,0.7787879705429077
data\trashnet\dataset-resized\paper\paper296.jpg,paper,paper,0.9901949763298035
data\trashnet\dataset-resized\paper\paper297.jpg,paper,paper,0.6373108625411987
data\trashnet\dataset-resized\paper\paper298.jpg,paper,paper,0.8093705773353577
data\trashnet\dataset-resized\paper\paper299.jpg,paper,cardboard,0.8932860493659973
data\trashnet\dataset-resized\paper\paper3.jpg,paper,glass,0.5250201225280762
data\trashnet\dataset-resized\paper\paper30.jpg,paper,cardboard,0.9817233681678772
data\trashnet\dataset-resized\paper\paper300.jpg,paper,paper,0.6039621829986572
data\trashnet\dataset-resized\paper\paper301.jpg,paper,paper,0.9815279245376587
data\trashnet\dataset-resized\paper\paper302.jpg,paper,cardboard,0.725185751914978
data\trashnet\dataset-resized\paper\paper303.jpg,paper,paper,0.831743061542511
data\trashnet\dataset-resized\paper\paper304.jpg,paper,plastic,0.6074936389923096
data\trashnet\dataset-resized\paper\paper305.jpg,paper,paper,0.5064322352409363
data\trashnet\dataset-resized\paper\paper306.jpg,paper,plastic,0.5537511706352234
data\trashnet\dataset-resized\paper\paper307.jpg,paper,paper,0.9790495038032532
data\trashnet\dataset-resized\paper\paper308.jpg,paper,paper,0.7299252152442932
data\trashnet\dataset-resized\paper\paper309.jpg,paper,paper,0.9150258302688599
data\trashnet\dataset-resized\paper\paper31.jpg,paper,paper,0.5492060780525208
data\trashnet\dataset-resized\paper\paper310.jpg,paper,cardboard,0.7038981318473816
data\trashnet\dataset-resized\paper\paper311.jpg,paper,paper,0.6122375130653381
data\trashnet\dataset-resized\paper\paper312.jpg,paper,paper,0.3599616289138794
data\trashnet\dataset-resized\paper\paper313.jpg,paper,paper,0.5116221904754639
data\trashnet\dataset-resized\paper\paper314.jpg,paper,plastic,0.9666005373001099
data\trashnet\dataset-resized\paper\paper315.jpg,paper,paper,0.9169518351554871
data\trashnet\dataset-resized\paper\paper316.jpg,paper,cardboard,0.3730078339576721
data\trashnet\dataset-resized\paper\paper317.jpg,paper,plastic,0.9387447237968445
data\trashnet\dataset-resized\paper\paper318.jpg,paper,paper,0.9711847305297852
data\trashnet\dataset-resized\paper\paper319.jpg,paper,paper,0.429332435131073
data\trashnet\dataset-resized\paper\paper32.jpg,paper,plastic,0.5031192898750305
data\trashnet\dataset-resized\paper\paper320.jpg,paper,paper,0.773669421672821
data\trashnet\dataset-resized\paper\paper321.jpg,paper,paper,0.9521462917327881
data\trashnet\dataset-resized\paper\paper322.jpg,paper,paper,0.9216610789299011
data\trashnet\dataset-resized\paper\paper323.jpg,paper,paper,0.9860008358955383
data\trashnet\dataset-resized\paper\paper324.jpg,paper,paper,0.6110643744468689
data\trashnet\dataset-resized\paper\paper325.jpg,paper,paper,0.9983727335929871
data\trashnet\dataset-resized\paper\paper326.jpg,paper,paper,0.4634672999382019
data\trashnet\dataset-resized\paper\paper327.jpg,paper,paper,0.8270719647407532
data\trashnet\dataset-resized\paper\paper328.jpg,paper,paper,0.5588870048522949
data\trashnet\dataset-resized\paper\paper329.jpg,paper,paper,0.9076834321022034
data\trashnet\dataset-resized\paper\paper33.jpg,paper,plastic,0.5691363215446472
data\trashnet\dataset-resized\paper\paper330.jpg,paper,paper,0.985734224319458
data\trashnet\dataset-resized\paper\paper331.jpg,paper,paper,0.656929075717926
data\trashnet\dataset-resized\paper\paper332.jpg,paper,cardboard,0.5999884009361267
data\trashnet\dataset-resized\paper\paper333.jpg,paper,plastic,0.5583081245422363
data\trashnet\dataset-resized\paper\paper334.jpg,paper,paper,0.587377667427063
data\trashnet\dataset-resized\paper\paper335.jpg,paper,plastic,0.6585638523101807
data\trashnet\dataset-resized\paper\paper336.jpg,paper,cardboard,0.6963495016098022
data\trashnet\dataset-resized\paper\paper337.jpg,paper,cardboard,0.7945842146873474
data\trashnet\dataset-resized\paper\paper338.jpg,paper,paper,0.9350850582122803
data\trashnet\dataset-resized\paper\paper339.jpg,paper,paper,0.7965446710586548
data\trashnet\dataset-resized\paper\paper34.jpg,paper,trash,0.518984317779541
data\trashnet\dataset-resized\paper\paper340.jpg,paper,paper,0.5026156902313232
data\trashnet\dataset-resized\paper\paper341.jpg,paper,paper,0.815704345703125
data\trashnet\dataset-resized\paper\paper342.jpg,paper,plastic,0.7543924450874329
data\trashnet\dataset-resized\paper\paper343.jpg,paper,paper,0.49653199315071106
data\trashnet\dataset-resized\paper\paper344.jpg,paper,paper,0.6023429036140442
data\trashnet\dataset-resized\paper\paper345.jpg,paper,plastic,0.7959750890731812
data\trashnet\dataset-resized\paper\paper346.jpg,paper,paper,0.8587957620620728
data\trashnet\dataset-resized\paper\paper347.jpg,paper,paper,0.6259699463844299
data\trashnet\dataset-resized\paper\paper348.jpg,paper,paper,0.443147748708725
data\trashnet\dataset-resized\paper\paper349.jpg,paper,cardboard,0.581047773361206
data\trashnet\dataset-resized\paper\paper35.jpg,paper,paper,0.7994751334190369
data\trashnet\dataset-resized\paper\paper350.jpg,paper,plastic,0.7575650811195374
data\trashnet\dataset-resized\paper\paper351.jpg,paper,paper,0.9780312180519104
data\trashnet\dataset-resized\paper\paper352.jpg,paper,paper,0.6782816648483276
data\trashnet\dataset-resized\paper\paper353.jpg,paper,paper,0.8670616149902344
data\trashnet\dataset-resized\paper\paper354.jpg,paper,paper,0.9675073623657227
data\trashnet\dataset-resized\paper\paper355.jpg,paper,paper,0.7111536860466003
data\trashnet\dataset-resized\paper\paper356.jpg,paper,paper,0.8930538296699524
data\trashnet\dataset-resized\paper\paper357.jpg,paper,paper,0.9023962616920471
data\trashnet\dataset-resized\paper\paper358.jpg,paper,plastic,0.6471283435821533
data\trashnet\dataset-resized\paper\paper359.jpg,paper,paper,0.9997242093086243
data\trashnet\dataset-resized\paper\paper36.jpg,paper,plastic,0.883531928062439
data\trashnet\dataset-resized\paper\paper360.jpg,paper,paper,0.6194169521331787
data\trashnet\dataset-resized\paper\paper361.jpg,paper,paper,0.9304270148277283
data\trashnet\dataset-resized\paper\paper362.jpg,paper,paper,0.9823818802833557
data\trashnet\dataset-resized\paper\paper363.jpg,paper,paper,0.7152608036994934
data\trashnet\dataset-resized\paper\paper364.jpg,paper,plastic,0.580936849117279
data\trashnet\dataset-resized\paper\paper365.jpg,paper,paper,0.8626900315284729
data\trashnet\dataset-resized\paper\paper366.jpg,paper,plastic,0.5527064800262451
data\trashnet\dataset-resized\paper\paper367.jpg,paper,paper,0.4357151985168457
data\trashnet\dataset-resized\paper\paper368.jpg,paper,paper,0.6945455074310303
data\trashnet\dataset-resized\paper\paper369.jpg,paper,plastic,0.864055335521698
data\trashnet\dataset-resized\paper\paper37.jpg,paper,cardboard,0.7025874257087708
data\trashnet\dataset-resized\paper\paper370.jpg,paper,plastic,0.920346736907959
data\trashnet\dataset-resized\paper\paper371.jpg,paper,paper,0.5152191519737244
data\trashnet\dataset-resized\paper\paper372.jpg,paper,paper,0.5098114013671875
data\trashnet\dataset-resized\paper\paper373.jpg,paper,paper,0.9004584550857544
data\trashnet\dataset-resized\paper\paper374.jpg,paper,paper,0.8234146237373352
data\trashnet\dataset-resized\paper\paper375.jpg,paper,plastic,0.4746079444885254
data\trashnet\dataset-resized\paper\paper376.jpg,paper,cardboard,0.971792459487915
data\trashnet\dataset-resized\paper\paper377.jpg,paper,paper,0.6707949638366699
data\trashnet\dataset-resized\paper\paper378.jpg,paper,plastic,0.8866763114929199
data\trashnet\dataset-resized\paper\paper379.jpg,paper,paper,0.841076135635376
data\trashnet\dataset-resized\paper\paper38.jpg,paper,cardboard,0.5018460750579834
data\trashnet\dataset-resized\paper\paper380.jpg,paper,paper,0.7548006772994995
data\trashnet\dataset-resized\paper\paper381.jpg,paper,plastic,0.578214704990387
data\trashnet\dataset-resized\paper\paper382.jpg,paper,paper,0.33825528621673584
data\trashnet\dataset-resized\paper\paper383.jpg,paper,plastic,0.9307811260223389
data\trashnet\dataset-resized\paper\paper384.jpg,paper,plastic,0.7832874059677124
data\trashnet\dataset-resized\paper\paper385.jpg,paper,paper,0.9081801176071167
data\trashnet\dataset-resized\paper\paper386.jpg,paper,paper,0.9953138828277588
data\trashnet\dataset-resized\paper\paper387.jpg,paper,cardboard,0.6533476114273071
data\trashnet\dataset-resized\paper\paper388.jpg,paper,paper,0.7300349473953247
data\trashnet\dataset-resized\paper\paper389.jpg,paper,paper,0.7837678790092468
data\trashnet\dataset-resized\paper\paper39.jpg,paper,paper,0.5330527424812317
data\trashnet\dataset-resized\paper\paper390.jpg,paper,paper,0.7300589084625244
data\trashnet\dataset-resized\paper\paper391.jpg,paper,paper,0.977711021900177
data\trashnet\dataset-resized\paper\paper392.jpg,paper,paper,0.7952334880828857
data\trashnet\dataset-resized\paper\paper393.jpg,paper,plastic,0.6620007157325745
data\trashnet\dataset-resized\paper\paper394.jpg,paper,trash,0.833592414855957
data\trashnet\dataset-resized\paper\paper395.jpg,paper,paper,0.9563531875610352
data\trashnet\dataset-resized\paper\paper396.jpg,paper,paper,0.7979279160499573
data\trashnet\dataset-resized\paper\paper397.jpg,paper,cardboard,0.5667216181755066
data\trashnet\dataset-resized\paper\paper398.jpg,paper,paper,0.9902220964431763
data\trashnet\dataset-resized\paper\paper399.jpg,paper,plastic,0.9462297558784485
data\trashnet\dataset-resized\paper\paper4.jpg,paper,trash,0.46684160828590393
data\trashnet\dataset-resized\paper\paper40.jpg,paper,paper,0.3916124105453491
data\trashnet\dataset-resized\paper\paper400.jpg,paper,cardboard,0.4353161156177521
data\trashnet\dataset-resized\paper\paper401.jpg,paper,paper,0.7001256942749023
data\trashnet\dataset-resized\paper\paper402.jpg,paper,paper,0.49441415071487427
data\trashnet\dataset-resized\paper\paper403.jpg,paper,paper,0.6635043621063232
data\trashnet\dataset-resized\paper\paper404.jpg,paper,paper,0.9502290487289429
data\trashnet\dataset-resized\paper\paper405.jpg,paper,plastic,0.7317639589309692
data\trashnet\dataset-resized\paper\paper406.jpg,paper,cardboard,0.5574729442596436
data\trashnet\dataset-resized\paper\paper407.jpg,paper,paper,0.7488909959793091
data\trashnet\dataset-resized\paper\paper408.jpg,paper,cardboard,0.7448505163192749
data\trashnet\dataset-resized\paper\paper409.jpg,paper,paper,0.9140506982803345
data\trashnet\dataset-resized\paper\paper41.jpg,paper,plastic,0.7797883152961731
data\trashnet\dataset-resized\paper\paper410.jpg,paper,paper,0.9369950890541077
data\trashnet\dataset-resized\paper\paper411.jpg,paper,plastic,0.5778359770774841
data\trashnet\dataset-resized\paper\paper412.jpg,paper,paper,0.6982632875442505
data\trashnet\dataset-resized\paper\paper413.jpg,paper,trash,0.3864145874977112
data\trashnet\dataset-resized\paper\paper414.jpg,paper,paper,0.9712618589401245
data\trashnet\dataset-resized\paper\paper415.jpg,paper,cardboard,0.41947445273399353
data\trashnet\dataset-resized\paper\paper416.jpg,paper,plastic,0.5114589929580688
data\trashnet\dataset-resized\paper\paper417.jpg,paper,plastic,0.7475169897079468
data\trashnet\dataset-resized\paper\paper418.jpg,paper,trash,0.6334726214408875
data\trashnet\dataset-resized\paper\paper419.jpg,paper,paper,0.9946435689926147
data\trashnet\dataset-resized\paper\paper42.jpg,paper,plastic,0.5333497524261475
data\trashnet\dataset-resized\paper\paper420.jpg,paper,plastic,0.8534548878669739
data\trashnet\dataset-resized\paper\paper421.jpg,paper,paper,0.560073733329773
data\trashnet\dataset-resized\paper\paper422.jpg,paper,plastic,0.5645872354507446
data\trashnet\dataset-resized\paper\paper423.jpg,paper,paper,0.746262788772583
data\trashnet\dataset-resized\paper\paper424.jpg,paper,plastic,0.4891629219055176
data\trashnet\dataset-resized\paper\paper425.jpg,paper,paper,0.5587925910949707
data\trashnet\dataset-resized\paper\paper426.jpg,paper,plastic,0.9437462091445923
data\trashnet\dataset-resized\paper\paper427.jpg,paper,paper,0.9869765639305115
data\trashnet\dataset-resized\paper\paper428.jpg,paper,paper,0.7877494096755981
data\trashnet\dataset-resized\paper\paper429.jpg,paper,paper,0.6272369027137756
data\trashnet\dataset-resized\paper\paper43.jpg,paper,paper,0.640407383441925
data\trashnet\dataset-resized\paper\paper430.jpg,paper,plastic,0.9880358576774597
data\trashnet\dataset-resized\paper\paper431.jpg,paper,paper,0.9986271858215332
data\trashnet\dataset-resized\paper\paper432.jpg,paper,paper,0.7105073928833008
data\trashnet\dataset-resized\paper\paper433.jpg,paper,paper,0.9842423796653748
data\trashnet\dataset-resized\paper\paper434.jpg,paper,paper,0.4937093257904053
data\trashnet\dataset-resized\paper\paper435.jpg,paper,plastic,0.5988057255744934
data\trashnet\dataset-resized\paper\paper436.jpg,paper,paper,0.8895267248153687
data\trashnet\dataset-resized\paper\paper437.jpg,paper,plastic,0.7458899021148682
data\trashnet\dataset-resized\paper\paper438.jpg,paper,paper,0.9989506006240845
data\trashnet\dataset-resized\paper\paper439.jpg,paper,paper,0.9583082795143127
data\trashnet\dataset-resized\paper\paper44.jpg,paper,paper,0.5806894302368164
data\trashnet\dataset-resized\paper\paper440.jpg,paper,plastic,0.9558686017990112
data\trashnet\dataset-resized\paper\paper441.jpg,paper,trash,0.4826284646987915
data\trashnet\dataset-resized\paper\paper442.jpg,paper,paper,0.9949349761009216
data\trashnet\dataset-resized\paper\paper443.jpg,paper,cardboard,0.3344874382019043
data\trashnet\dataset-resized\paper\paper444.jpg,paper,paper,0.994206428527832
data\trashnet\dataset-resized\paper\paper445.jpg,paper,paper,0.5738416910171509
data\trashnet\dataset-resized\paper\paper446.jpg,paper,cardboard,0.6638742685317993
data\trashnet\dataset-resized\paper\paper447.jpg,paper,paper,0.9874922037124634
data\trashnet\dataset-resized\paper\paper448.jpg,paper,plastic,0.7543478012084961
data\trashnet\dataset-resized\paper\paper449.jpg,paper,paper,0.9895625710487366
data\trashnet\dataset-resized\paper\paper45.jpg,paper,paper,0.991364598274231
data\trashnet\dataset-resized\paper\paper450.jpg,paper,plastic,0.7834111452102661
data\trashnet\dataset-resized\paper\paper451.jpg,paper,plastic,0.8216823935508728
data\trashnet\dataset-resized\paper\paper452.jpg,paper,paper,0.6705588698387146
data\trashnet\dataset-resized\paper\paper453.jpg,paper,paper,0.9966314435005188
data\trashnet\dataset-resized\paper\paper454.jpg,paper,paper,0.7490578293800354
data\trashnet\dataset-resized\paper\paper455.jpg,paper,paper,0.8759548664093018
data\trashnet\dataset-resized\paper\paper456.jpg,paper,plastic,0.9481847882270813
data\trashnet\dataset-resized\paper\paper457.jpg,paper,plastic,0.6402584314346313
data\trashnet\dataset-resized\paper\paper458.jpg,paper,trash,0.5261940956115723
data\trashnet\dataset-resized\paper\paper459.jpg,paper,plastic,0.601728618144989
data\trashnet\dataset-resized\paper\paper46.jpg,paper,cardboard,0.4797396659851074
data\trashnet\dataset-resized\paper\paper460.jpg,paper,paper,0.8528733253479004
data\trashnet\dataset-resized\paper\paper461.jpg,paper,paper,0.808735728263855
data\trashnet\dataset-resized\paper\paper462.jpg,paper,cardboard,0.8191862106323242
data\trashnet\dataset-resized\paper\paper463.jpg,paper,plastic,0.4916857182979584
data\trashnet\dataset-resized\paper\paper464.jpg,paper,paper,0.4735249876976013
data\trashnet\dataset-resized\paper\paper465.jpg,paper,paper,0.6213394999504089
data\trashnet\dataset-resized\paper\paper466.jpg,paper,plastic,0.737234354019165
data\trashnet\dataset-resized\paper\paper467.jpg,paper,paper,0.8097519278526306
data\trashnet\dataset-resized\paper\paper468.jpg,paper,cardboard,0.771710991859436
data\trashnet\dataset-resized\paper\paper469.jpg,paper,metal,0.6537162065505981
data\trashnet\dataset-resized\paper\paper47.jpg,paper,paper,0.6351866126060486
data\trashnet\dataset-resized\paper\paper470.jpg,paper,plastic,0.40439561009407043
data\trashnet\dataset-resized\paper\paper471.jpg,paper,paper,0.7785868048667908
data\trashnet\dataset-resized\paper\paper472.jpg,paper,plastic,0.7648797035217285
data\trashnet\dataset-resized\paper\paper473.jpg,paper,paper,0.992753803730011
data\trashnet\dataset-resized\paper\paper474.jpg,paper,paper,0.6076120138168335
data\trashnet\dataset-resized\paper\paper475.jpg,paper,cardboard,0.4805457293987274
data\trashnet\dataset-resized\paper\paper476.jpg,paper,paper,0.9914570450782776
data\trashnet\dataset-resized\paper\paper477.jpg,paper,paper,0.9176663160324097
data\trashnet\dataset-resized\paper\paper478.jpg,paper,paper,0.7697760462760925
data\trashnet\dataset-resized\paper\paper479.jpg,paper,paper,0.9991912245750427
data\trashnet\dataset-resized\paper\paper48.jpg,paper,paper,0.932320237159729
data\trashnet\dataset-resized\paper\paper480.jpg,paper,paper,0.5477254986763
data\trashnet\dataset-resized\paper\paper481.jpg,paper,paper,0.9759135246276855
data\trashnet\dataset-resized\paper\paper482.jpg,paper,paper,0.9988981485366821
data\trashnet\dataset-resized\paper\paper483.jpg,paper,plastic,0.7068436741828918
data\trashnet\dataset-resized\paper\paper484.jpg,paper,plastic,0.40969574451446533
data\trashnet\dataset-resized\paper\paper485.jpg,paper,paper,0.9804131388664246
data\trashnet\dataset-resized\paper\paper486.jpg,paper,plastic,0.6855654716491699
data\trashnet\dataset-resized\paper\paper487.jpg,paper,paper,0.901071310043335
data\trashnet\dataset-resized\paper\paper488.jpg,paper,plastic,0.7071805000305176
data\trashnet\dataset-resized\paper\paper489.jpg,paper,paper,0.9715110063552856
data\trashnet\dataset-resized\paper\paper49.jpg,paper,paper,0.8948674201965332
data\trashnet\dataset-resized\paper\paper490.jpg,paper,metal,0.49412092566490173
data\trashnet\dataset-resized\paper\paper491.jpg,paper,paper,0.9999217987060547
data\trashnet\dataset-resized\paper\paper492.jpg,paper,paper,0.7317273616790771
data\trashnet\dataset-resized\paper\paper493.jpg,paper,plastic,0.35729601979255676
data\trashnet\dataset-resized\paper\paper494.jpg,paper,paper,0.6924864649772644
data\trashnet\dataset-resized\paper\paper495.jpg,paper,paper,0.6498468518257141
data\trashnet\dataset-resized\paper\paper496.jpg,paper,paper,0.9601010084152222
data\trashnet\dataset-resized\paper\paper497.jpg,paper,cardboard,0.5104932188987732
data\trashnet\dataset-resized\paper\paper498.jpg,paper,paper,0.8543534874916077
data\trashnet\dataset-resized\paper\paper499.jpg,paper,paper,0.7033761739730835
data\trashnet\dataset-resized\paper\paper5.jpg,paper,paper,0.480842262506485
data\trashnet\dataset-resized\paper\paper50.jpg,paper,paper,0.9967079162597656
data\trashnet\dataset-resized\paper\paper500.jpg,paper,paper,0.7289391756057739
data\trashnet\dataset-resized\paper\paper501.jpg,paper,paper,0.528383195400238
data\trashnet\dataset-resized\paper\paper502.jpg,paper,paper,0.8026042580604553
data\trashnet\dataset-resized\paper\paper503.jpg,paper,plastic,0.7967643737792969
data\trashnet\dataset-resized\paper\paper504.jpg,paper,plastic,0.6826068758964539
data\trashnet\dataset-resized\paper\paper505.jpg,paper,paper,0.867282509803772
data\trashnet\dataset-resized\paper\paper506.jpg,paper,paper,0.9211636185646057
data\trashnet\dataset-resized\paper\paper507.jpg,paper,paper,0.6236278414726257
data\trashnet\dataset-resized\paper\paper508.jpg,paper,cardboard,0.6544522047042847
data\trashnet\dataset-resized\paper\paper509.jpg,paper,plastic,0.6879807114601135
data\trashnet\dataset-resized\paper\paper51.jpg,paper,metal,0.37103337049484253
data\trashnet\dataset-resized\paper\paper510.jpg,paper,paper,0.9162865281105042
data\trashnet\dataset-resized\paper\paper511.jpg,paper,plastic,0.5328305959701538
data\trashnet\dataset-resized\paper\paper512.jpg,paper,paper,0.9439239501953125
data\trashnet\dataset-resized\paper\paper513.jpg,paper,plastic,0.6223598718643188
data\trashnet\dataset-resized\paper\paper514.jpg,paper,paper,0.39521971344947815
data\trashnet\dataset-resized\paper\paper515.jpg,paper,plastic,0.8361881971359253
data\trashnet\dataset-resized\paper\paper516.jpg,paper,paper,0.9681121110916138
data\trashnet\dataset-resized\paper\paper517.jpg,paper,paper,0.9913464188575745
data\trashnet\dataset-resized\paper\paper518.jpg,paper,cardboard,0.32557061314582825
data\trashnet\dataset-resized\paper\paper519.jpg,paper,paper,0.5043208599090576
data\trashnet\dataset-resized\paper\paper52.jpg,paper,paper,0.9903567433357239
data\trashnet\dataset-resized\paper\paper520.jpg,paper,paper,0.9996402263641357
data\trashnet\dataset-resized\paper\paper521.jpg,paper,plastic,0.9713629484176636
data\trashnet\dataset-resized\paper\paper522.jpg,paper,trash,0.41583946347236633
data\trashnet\dataset-resized\paper\paper523.jpg,paper,paper,0.9970345497131348
data\trashnet\dataset-resized\paper\paper524.jpg,paper,paper,0.4852312505245209
data\trashnet\dataset-resized\paper\paper525.jpg,paper,paper,0.9588286876678467
data\trashnet\dataset-resized\paper\paper526.jpg,paper,paper,0.4936158359050751
data\trashnet\dataset-resized\paper\paper527.jpg,paper,plastic,0.9168771505355835
data\trashnet\dataset-resized\paper\paper528.jpg,paper,paper,0.8703561425209045
data\trashnet\dataset-resized\paper\paper529.jpg,paper,plastic,0.7359417676925659
data\trashnet\dataset-resized\paper\paper53.jpg,paper,plastic,0.9603239297866821
data\trashnet\dataset-resized\paper\paper530.jpg,paper,paper,0.8384328484535217
data\trashnet\dataset-resized\paper\paper531.jpg,paper,paper,0.656036913394928
data\trashnet\dataset-resized\paper\paper532.jpg,paper,plastic,0.8041433095932007
data\trashnet\dataset-resized\paper\paper533.jpg,paper,glass,0.3571368157863617
data\trashnet\dataset-resized\paper\paper534.jpg,paper,plastic,0.45431625843048096
data\trashnet\dataset-resized\paper\paper535.jpg,paper,paper,0.9973294734954834
data\trashnet\dataset-resized\paper\paper536.jpg,paper,trash,0.737106442451477
data\trashnet\dataset-resized\paper\paper537.jpg,paper,paper,0.9426456093788147
data\trashnet\dataset-resized\paper\paper538.jpg,paper,paper,0.9905904531478882
data\trashnet\dataset-resized\paper\paper539.jpg,paper,paper,0.9985153079032898
data\trashnet\dataset-resized\paper\paper54.jpg,paper,paper,0.8150116801261902
data\trashnet\dataset-resized\paper\paper540.jpg,paper,plastic,0.4154115319252014
data\trashnet\dataset-resized\paper\paper541.jpg,paper,paper,0.9318293929100037
data\trashnet\dataset-resized\paper\paper542.jpg,paper,paper,0.9140713214874268
data\trashnet\dataset-resized\paper\paper543.jpg,paper,plastic,0.8545966744422913
data\trashnet\dataset-resized\paper\paper544.jpg,paper,cardboard,0.8494791388511658
data\trashnet\dataset-resized\paper\paper545.jpg,paper,plastic,0.469190388917923
data\trashnet\dataset-resized\paper\paper546.jpg,paper,paper,0.40839898586273193
data\trashnet\dataset-resized\paper\paper547.jpg,paper,paper,0.8847276568412781
data\trashnet\dataset-resized\paper\paper548.jpg,paper,paper,0.8929523825645447
data\trashnet\dataset-resized\paper\paper549.jpg,paper,plastic,0.5132994055747986
data\trashnet\dataset-resized\paper\paper55.jpg,paper,plastic,0.5333725810050964
data\trashnet\dataset-resized\paper\paper550.jpg,paper,plastic,0.6871914267539978
data\trashnet\dataset-resized\paper\paper551.jpg,paper,paper,0.9349563717842102
data\trashnet\dataset-resized\paper\paper552.jpg,paper,plastic,0.7441647052764893
data\trashnet\dataset-resized\paper\paper553.jpg,paper,plastic,0.4226700961589813
data\trashnet\dataset-resized\paper\paper554.jpg,paper,plastic,0.9545771479606628
data\trashnet\dataset-resized\paper\paper555.jpg,paper,paper,0.996435284614563
data\trashnet\dataset-resized\paper\paper556.jpg,paper,cardboard,0.690258264541626
data\trashnet\dataset-resized\paper\paper557.jpg,paper,paper,0.8451350927352905
data\trashnet\dataset-resized\paper\paper558.jpg,paper,plastic,0.45341259241104126
data\trashnet\dataset-resized\paper\paper559.jpg,paper,plastic,0.9016066789627075
data\trashnet\dataset-resized\paper\paper56.jpg,paper,plastic,0.5006290078163147
data\trashnet\dataset-resized\paper\paper560.jpg,paper,plastic,0.9842345118522644
data\trashnet\dataset-resized\paper\paper561.jpg,paper,paper,0.817081868648529
data\trashnet\dataset-resized\paper\paper562.jpg,paper,paper,0.7892698049545288
data\trashnet\dataset-resized\paper\paper563.jpg,paper,plastic,0.7470946311950684
data\trashnet\dataset-resized\paper\paper564.jpg,paper,paper,0.7126635909080505
data\trashnet\dataset-resized\paper\paper565.jpg,paper,paper,0.8345719575881958
data\trashnet\dataset-resized\paper\paper566.jpg,paper,paper,0.9303262829780579
data\trashnet\dataset-resized\paper\paper567.jpg,paper,paper,0.9822278618812561
data\trashnet\dataset-resized\paper\paper568.jpg,paper,cardboard,0.5426097512245178
data\trashnet\dataset-resized\paper\paper569.jpg,paper,paper,0.4381045997142792
data\trashnet\dataset-resized\paper\paper57.jpg,paper,paper,0.837892472743988
data\trashnet\dataset-resized\paper\paper570.jpg,paper,plastic,0.6293759942054749
data\trashnet\dataset-resized\paper\paper571.jpg,paper,paper,0.9439212083816528
data\trashnet\dataset-resized\paper\paper572.jpg,paper,paper,0.9996328353881836
data\trashnet\dataset-resized\paper\paper573.jpg,paper,cardboard,0.7143887877464294
data\trashnet\dataset-resized\paper\paper574.jpg,paper,plastic,0.701805055141449
data\trashnet\dataset-resized\paper\paper575.jpg,paper,paper,0.9699678421020508
data\trashnet\dataset-resized\paper\paper576.jpg,paper,paper,0.8633068799972534
data\trashnet\dataset-resized\paper\paper577.jpg,paper,paper,0.40984779596328735
data\trashnet\dataset-resized\paper\paper578.jpg,paper,paper,0.5382059216499329
data\trashnet\dataset-resized\paper\paper579.jpg,paper,plastic,0.6514811515808105
data\trashnet\dataset-resized\paper\paper58.jpg,paper,paper,0.998202919960022
data\trashnet\dataset-resized\paper\paper580.jpg,paper,plastic,0.7799684405326843
data\trashnet\dataset-resized\paper\paper581.jpg,paper,paper,0.5364223718643188
data\trashnet\dataset-resized\paper\paper582.jpg,paper,paper,0.5413779616355896
data\trashnet\dataset-resized\paper\paper583.jpg,paper,plastic,0.5372528433799744
data\trashnet\dataset-resized\paper\paper584.jpg,paper,plastic,0.6347159147262573
data\trashnet\dataset-resized\paper\paper585.jpg,paper,trash,0.6318023800849915
data\trashnet\dataset-resized\paper\paper586.jpg,paper,paper,0.8629471063613892
data\trashnet\dataset-resized\paper\paper587.jpg,paper,plastic,0.6539092659950256
data\trashnet\dataset-resized\paper\paper588.jpg,paper,plastic,0.5978836417198181
data\trashnet\dataset-resized\paper\paper589.jpg,paper,paper,0.3868217170238495
data\trashnet\dataset-resized\paper\paper59.jpg,paper,paper,0.9744157791137695
data\trashnet\dataset-resized\paper\paper590.jpg,paper,plastic,0.9890208840370178
data\trashnet\dataset-resized\paper\paper591.jpg,paper,plastic,0.9931595325469971
data\trashnet\dataset-resized\paper\paper592.jpg,paper,plastic,0.9417584538459778
data\trashnet\dataset-resized\paper\paper593.jpg,paper,metal,0.25325360894203186
data\trashnet\dataset-resized\paper\paper594.jpg,paper,cardboard,0.8285056352615356
data\trashnet\dataset-resized\paper\paper6.jpg,paper,plastic,0.5724971294403076
data\trashnet\dataset-resized\paper\paper60.jpg,paper,plastic,0.5435746312141418
data\trashnet\dataset-resized\paper\paper61.jpg,paper,plastic,0.9517037272453308
data\trashnet\dataset-resized\paper\paper62.jpg,paper,cardboard,0.4631788432598114
data\trashnet\dataset-resized\paper\paper63.jpg,paper,paper,0.8227629661560059
data\trashnet\dataset-resized\paper\paper64.jpg,paper,paper,0.5106966495513916
data\trashnet\dataset-resized\paper\paper65.jpg,paper,plastic,0.6010785698890686
data\trashnet\dataset-resized\paper\paper66.jpg,paper,paper,0.9830182790756226
data\trashnet\dataset-resized\paper\paper67.jpg,paper,paper,0.9675794243812561
data\trashnet\dataset-resized\paper\paper68.jpg,paper,paper,0.8581670522689819
data\trashnet\dataset-resized\paper\paper69.jpg,paper,trash,0.34452494978904724
data\trashnet\dataset-resized\paper\paper7.jpg,paper,paper,0.7483299970626831
data\trashnet\dataset-resized\paper\paper70.jpg,paper,plastic,0.9468131065368652
data\trashnet\dataset-resized\paper\paper71.jpg,paper,paper,0.6695153117179871
data\trashnet\dataset-resized\paper\paper72.jpg,paper,plastic,0.8537665605545044
data\trashnet\dataset-resized\paper\paper73.jpg,paper,paper,0.7367851734161377
data\trashnet\dataset-resized\paper\paper74.jpg,paper,paper,0.7390925884246826
data\trashnet\dataset-resized\paper\paper75.jpg,paper,paper,0.7078093886375427
data\trashnet\dataset-resized\paper\paper76.jpg,paper,paper,0.9048340320587158
data\trashnet\dataset-resized\paper\paper77.jpg,paper,plastic,0.5017762184143066
data\trashnet\dataset-resized\paper\paper78.jpg,paper,paper,0.9986648559570312
data\trashnet\dataset-resized\paper\paper79.jpg,paper,paper,0.8665260076522827
data\trashnet\dataset-resized\paper\paper8.jpg,paper,cardboard,0.5730897188186646
data\trashnet\dataset-resized\paper\paper80.jpg,paper,cardboard,0.9955739974975586
data\trashnet\dataset-resized\paper\paper81.jpg,paper,paper,0.9789537787437439
data\trashnet\dataset-resized\paper\paper82.jpg,paper,plastic,0.7575972676277161
data\trashnet\dataset-resized\paper\paper83.jpg,paper,paper,0.68511563539505
data\trashnet\dataset-resized\paper\paper84.jpg,paper,paper,0.8871189951896667
data\trashnet\dataset-resized\paper\paper85.jpg,paper,paper,0.8904677629470825
data\trashnet\dataset-resized\paper\paper86.jpg,paper,paper,0.8405911326408386
data\trashnet\dataset-resized\paper\paper87.jpg,paper,plastic,0.6342008113861084
data\trashnet\dataset-resized\paper\paper88.jpg,paper,plastic,0.9818798303604126
data\trashnet\dataset-resized\paper\paper89.jpg,paper,paper,0.44331037998199463
data\trashnet\dataset-resized\paper\paper9.jpg,paper,plastic,0.8767057061195374
data\trashnet\dataset-resized\paper\paper90.jpg,paper,paper,0.9943094253540039
data\trashnet\dataset-resized\paper\paper91.jpg,paper,paper,0.7170966267585754
data\trashnet\dataset-resized\paper\paper92.jpg,paper,paper,0.9130141735076904
data\trashnet\dataset-resized\paper\paper93.jpg,paper,paper,0.8047076463699341
data\trashnet\dataset-resized\paper\paper94.jpg,paper,paper,0.5875879526138306
data\trashnet\dataset-resized\paper\paper95.jpg,paper,paper,0.7204892635345459
data\trashnet\dataset-resized\paper\paper96.jpg,paper,paper,0.584193229675293
data\trashnet\dataset-resized\paper\paper97.jpg,paper,cardboard,0.7373965978622437
data\trashnet\dataset-resized\paper\paper98.jpg,paper,paper,0.9997978806495667
data\trashnet\dataset-resized\paper\paper99.jpg,paper,trash,0.8261337280273438
data\trashnet\dataset-resized\plastic\plastic1.jpg,plastic,plastic,0.7138791680335999
data\trashnet\dataset-resized\plastic\plastic10.jpg,plastic,plastic,0.9406525492668152
data\trashnet\dataset-resized\plastic\plastic100.jpg,plastic,plastic,0.9960033297538757
data\trashnet\dataset-resized\plastic\plastic101.jpg,plastic,plastic,0.9972566962242126
data\trashnet\dataset-resized\plastic\plastic102.jpg,plastic,plastic,0.5420224666595459
data\trashnet\dataset-resized\plastic\plastic103.jpg,plastic,plastic,0.9968879818916321
data\trashnet\dataset-resized\plastic\plastic104.jpg,plastic,plastic,0.9243860840797424
data\trashnet\dataset-resized\plastic\plastic105.jpg,plastic,plastic,0.967369019985199
data\trashnet\dataset-resized\plastic\plastic106.jpg,plastic,plastic,0.9995989203453064
data\trashnet\dataset-resized\plastic\plastic107.jpg,plastic,glass,0.7583714127540588
data\trashnet\dataset-resized\plastic\plastic108.jpg,plastic,plastic,0.9786591529846191
data\trashnet\dataset-resized\plastic\plastic109.jpg,plastic,plastic,0.7992426753044128
data\trashnet\dataset-resized\plastic\plastic11.jpg,plastic,plastic,0.9935245513916016
data\trashnet\dataset-resized\plastic\plastic110.jpg,plastic,plastic,0.9941765069961548
data\trashnet\dataset-resized\plastic\plastic111.jpg,plastic,plastic,0.9565277695655823
data\trashnet\dataset-resized\plastic\plastic112.jpg,plastic,plastic,0.9910663962364197
data\trashnet\dataset-resized\plastic\plastic113.jpg,plastic,plastic,0.9660717844963074
data\trashnet\dataset-resized\plastic\plastic114.jpg,plastic,plastic,0.8309956789016724
data\trashnet\dataset-resized\plastic\plastic115.jpg,plastic,glass,0.5274229645729065
data\trashnet\dataset-resized\plastic\plastic116.jpg,plastic,plastic,0.9931858777999878
data\trashnet\dataset-resized\plastic\plastic117.jpg,plastic,plastic,0.9958582520484924
data\trashnet\dataset-resized\plastic\plastic118.jpg,plastic,plastic,0.9935890436172485
data\trashnet\dataset-resized\plastic\plastic119.jpg,plastic,plastic,0.9922731518745422
data\trashnet\dataset-resized\plastic\plastic12.jpg,plastic,plastic,0.8477912545204163
data\trashnet\dataset-resized\plastic\plastic120.jpg,plastic,plastic,0.9990653395652771
data\trashnet\dataset-resized\plastic\plastic121.jpg,plastic,plastic,0.6630136966705322
data\trashnet\dataset-resized\plastic\plastic122.jpg,plastic,plastic,0.9982837438583374
data\trashnet\dataset-resized\plastic\plastic123.jpg,plastic,plastic,0.9989412426948547
data\trashnet\dataset-resized\plastic\plastic124.jpg,plastic,plastic,0.9702849388122559
data\trashnet\dataset-resized\plastic\plastic125.jpg,plastic,plastic,0.9931029081344604
data\trashnet\dataset-resized\plastic\plastic126.jpg,plastic,plastic,0.7348233461380005
data\trashnet\dataset-resized\plastic\plastic127.jpg,plastic,plastic,0.926506757736206
data\trashnet\dataset-resized\plastic\plastic128.jpg,plastic,plastic,0.9978986978530884
data\trashnet\dataset-resized\plastic\plastic129.jpg,plastic,plastic,0.989446759223938
data\trashnet\dataset-resized\plastic\plastic13.jpg,plastic,plastic,0.9842270016670227
data\trashnet\dataset-resized\plastic\plastic130.jpg,plastic,plastic,0.9977607727050781
data\trashnet\dataset-resized\plastic\plastic131.jpg,plastic,glass,0.6817676424980164
data\trashnet\dataset-resized\plastic\plastic132.jpg,plastic,glass,0.7651910185813904
data\trashnet\dataset-resized\plastic\plastic133.jpg,plastic,plastic,0.9954515099525452
data\trashnet\dataset-resized\plastic\plastic134.jpg,plastic,plastic,0.977451741695404
data\trashnet\dataset-resized\plastic\plastic135.jpg,plastic,plastic,0.9930738210678101
data\trashnet\dataset-resized\plastic\plastic136.jpg,plastic,plastic,0.9988929629325867
data\trashnet\dataset-resized\plastic\plastic137.jpg,plastic,plastic,0.9923266172409058
data\trashnet\dataset-resized\plastic\plastic138.jpg,plastic,plastic,0.9954068660736084
data\trashnet\dataset-resized\plastic\plastic139.jpg,plastic,plastic,0.9932940006256104
data\trashnet\dataset-resized\plastic\plastic14.jpg,plastic,plastic,0.9972599744796753
data\trashnet\dataset-resized\plastic\plastic140.jpg,plastic,plastic,0.9957433342933655
data\trashnet\dataset-resized\plastic\plastic141.jpg,plastic,plastic,0.9146463871002197
data\trashnet\dataset-resized\plastic\plastic142.jpg,plastic,plastic,0.9992458820343018
data\trashnet\dataset-resized\plastic\plastic143.jpg,plastic,plastic,0.9974256157875061
data\trashnet\dataset-resized\plastic\plastic144.jpg,plastic,plastic,0.5990710258483887
data\trashnet\dataset-resized\plastic\plastic145.jpg,plastic,plastic,0.9884845614433289
data\trashnet\dataset-resized\plastic\plastic146.jpg,plastic,plastic,0.7046992182731628
data\trashnet\dataset-resized\plastic\plastic147.jpg,plastic,plastic,0.9335736036300659
data\trashnet\dataset-resized\plastic\plastic148.jpg,plastic,plastic,0.9170671701431274
data\trashnet\dataset-resized\plastic\plastic149.jpg,plastic,paper,0.7844175696372986
data\trashnet\dataset-resized\plastic\plastic15.jpg,plastic,plastic,0.982437789440155
data\trashnet\dataset-resized\plastic\plastic150.jpg,plastic,plastic,0.9544652700424194
data\trashnet\dataset-resized\plastic\plastic151.jpg,plastic,plastic,0.99299156665802
data\trashnet\dataset-resized\plastic\plastic152.jpg,plastic,glass,0.920818030834198
data\trashnet\dataset-resized\plastic\plastic153.jpg,plastic,plastic,0.9886850714683533
data\trashnet\dataset-resized\plastic\plastic154.jpg,plastic,metal,0.7362005710601807
data\trashnet\dataset-resized\plastic\plastic155.jpg,plastic,plastic,0.9946519136428833
data\trashnet\dataset-resized\plastic\plastic156.jpg,plastic,plastic,0.9019159078598022
data\trashnet\dataset-resized\plastic\plastic157.jpg,plastic,plastic,0.9378133416175842
data\trashnet\dataset-resized\plastic\plastic158.jpg,plastic,plastic,0.9915766716003418
data\trashnet\dataset-resized\plastic\plastic159.jpg,plastic,plastic,0.9769248962402344
data\trashnet\dataset-resized\plastic\plastic16.jpg,plastic,plastic,0.9761543869972229
data\trashnet\dataset-resized\plastic\plastic160.jpg,plastic,plastic,0.9624285697937012
data\trashnet\dataset-resized\plastic\plastic161.jpg,plastic,plastic,0.9677786827087402
data\trashnet\dataset-resized\plastic\plastic162.jpg,plastic,plastic,0.973854660987854
data\trashnet\dataset-resized\plastic\plastic163.jpg,plastic,plastic,0.9935904741287231
data\trashnet\dataset-resized\plastic\plastic164.jpg,plastic,plastic,0.6506370306015015
data\trashnet\dataset-resized\plastic\plastic165.jpg,plastic,plastic,0.9979801774024963
data\trashnet\dataset-resized\plastic\plastic166.jpg,plastic,plastic,0.8807263970375061
data\trashnet\dataset-resized\plastic\plastic167.jpg,plastic,plastic,0.5468924045562744
data\trashnet\dataset-resized\plastic\plastic168.jpg,plastic,plastic,0.8169466853141785
data\trashnet\dataset-resized\plastic\plastic169.jpg,plastic,plastic,0.9894150495529175
data\trashnet\dataset-resized\plastic\plastic17.jpg,plastic,plastic,0.9863508343696594
data\trashnet\dataset-resized\plastic\plastic170.jpg,plastic,plastic,0.5390747785568237
data\trashnet\dataset-resized\plastic\plastic171.jpg,plastic,plastic,0.9779520630836487
data\trashnet\dataset-resized\plastic\plastic172.jpg,plastic,plastic,0.8847395181655884
data\trashnet\dataset-resized\plastic\plastic173.jpg,plastic,plastic,0.9877977967262268
data\trashnet\dataset-resized\plastic\plastic174.jpg,plastic,plastic,0.9479904174804688
data\trashnet\dataset-resized\plastic\plastic175.jpg,plastic,plastic,0.9996451139450073
data\trashnet\dataset-resized\plastic\plastic176.jpg,plastic,plastic,0.9960119724273682
data\trashnet\dataset-resized\plastic\plastic177.jpg,plastic,plastic,0.9806355834007263
data\trashnet\dataset-resized\plastic\plastic178.jpg,plastic,plastic,0.993462085723877
data\trashnet\dataset-resized\plastic\plastic179.jpg,plastic,plastic,0.717505156993866
data\trashnet\dataset-resized\plastic\plastic18.jpg,plastic,plastic,0.9991758465766907
data\trashnet\dataset-resized\plastic\plastic180.jpg,plastic,plastic,0.9919978976249695
data\trashnet\dataset-resized\plastic\plastic181.jpg,plastic,plastic,0.9790246486663818
data\trashnet\dataset-resized\plastic\plastic182.jpg,plastic,plastic,0.9942547678947449
data\trashnet\dataset-resized\plastic\plastic183.jpg,plastic,plastic,0.9992648959159851
data\trashnet\dataset-resized\plastic\plastic184.jpg,plastic,plastic,0.9275099039077759
data\trashnet\dataset-resized\plastic\plastic185.jpg,plastic,plastic,0.857526957988739
data\trashnet\dataset-resized\plastic\plastic186.jpg,plastic,plastic,0.9990345239639282
data\trashnet\dataset-resized\plastic\plastic187.jpg,plastic,glass,0.5815348625183105
data\trashnet\dataset-resized\plastic\plastic188.jpg,plastic,plastic,0.9428697228431702
data\trashnet\dataset-resized\plastic\plastic189.jpg,plastic,plastic,0.9745527505874634
data\trashnet\dataset-resized\plastic\plastic19.jpg,plastic,plastic,0.9804109930992126
data\trashnet\dataset-resized\plastic\plastic190.jpg,plastic,plastic,0.9968468546867371
data\trashnet\dataset-resized\plastic\plastic191.jpg,plastic,plastic,0.8818881511688232
data\trashnet\dataset-resized\plastic\plastic192.jpg,plastic,plastic,0.9328344464302063
data\trashnet\dataset-resized\plastic\plastic193.jpg,plastic,plastic,0.9891350269317627
data\trashnet\dataset-resized\plastic\plastic194.jpg,plastic,plastic,0.9991348385810852
data\trashnet\dataset-resized\plastic\plastic195.jpg,plastic,plastic,0.9399677515029907
data\trashnet\dataset-resized\plastic\plastic196.jpg,plastic,plastic,0.4372020661830902
data\trashnet\dataset-resized\plastic\plastic197.jpg,plastic,plastic,0.9982435703277588
data\trashnet\dataset-resized\plastic\plastic198.jpg,plastic,plastic,0.6223090887069702
data\trashnet\dataset-resized\plastic\plastic199.jpg,plastic,glass,0.628332257270813
data\trashnet\dataset-resized\plastic\plastic2.jpg,plastic,plastic,0.989988386631012
data\trashnet\dataset-resized\plastic\plastic20.jpg,plastic,plastic,0.9877066016197205
data\trashnet\dataset-resized\plastic\plastic200.jpg,plastic,plastic,0.9748710989952087
data\trashnet\dataset-resized\plastic\plastic201.jpg,plastic,plastic,0.9536048173904419
data\trashnet\dataset-resized\plastic\plastic202.jpg,plastic,plastic,0.9988365769386292
data\trashnet\dataset-resized\plastic\plastic203.jpg,plastic,plastic,0.9956898093223572
data\trashnet\dataset-resized\plastic\plastic204.jpg,plastic,glass,0.8169837594032288
data\trashnet\dataset-resized\plastic\plastic205.jpg,plastic,plastic,0.9980079531669617
data\trashnet\dataset-resized\plastic\plastic206.jpg,plastic,plastic,0.7339215278625488
data\trashnet\dataset-resized\plastic\plastic207.jpg,plastic,plastic,0.9778704643249512
data\trashnet\dataset-resized\plastic\plastic208.jpg,plastic,plastic,0.9897866249084473
data\trashnet\dataset-resized\plastic\plastic209.jpg,plastic,plastic,0.9812393188476562
data\trashnet\dataset-resized\plastic\plastic21.jpg,plastic,plastic,0.9979997277259827
data\trashnet\dataset-resized\plastic\plastic210.jpg,plastic,plastic,0.9670210480690002
data\trashnet\dataset-resized\plastic\plastic211.jpg,plastic,plastic,0.9313647747039795
data\trashnet\dataset-resized\plastic\plastic212.jpg,plastic,glass,0.9282925128936768
data\trashnet\dataset-resized\plastic\plastic213.jpg,plastic,plastic,0.8329030275344849
data\trashnet\dataset-resized\plastic\plastic214.jpg,plastic,plastic,0.9830689430236816
data\trashnet\dataset-resized\plastic\plastic215.jpg,plastic,plastic,0.9439682960510254
data\trashnet\dataset-resized\plastic\plastic216.jpg,plastic,glass,0.9637724757194519
data\trashnet\dataset-resized\plastic\plastic217.jpg,plastic,plastic,0.9819461703300476
data\trashnet\dataset-resized\plastic\plastic218.jpg,plastic,plastic,0.9985994696617126
data\trashnet\dataset-resized\plastic\plastic219.jpg,plastic,plastic,0.9563637375831604
data\trashnet\dataset-resized\plastic\plastic22.jpg,plastic,plastic,0.820620059967041
data\trashnet\dataset-resized\plastic\plastic220.jpg,plastic,plastic,0.9951051473617554
data\trashnet\dataset-resized\plastic\plastic221.jpg,plastic,plastic,0.8980385661125183
data\trashnet\dataset-resized\plastic\plastic222.jpg,plastic,plastic,0.5314624309539795
data\trashnet\dataset-resized\plastic\plastic223.jpg,plastic,plastic,0.9835878014564514
data\trashnet\dataset-resized\plastic\plastic224.jpg,plastic,plastic,0.9911466240882874
data\trashnet\dataset-resized\plastic\plastic225.jpg,plastic,plastic,0.9970607161521912
data\trashnet\dataset-resized\plastic\plastic226.jpg,plastic,plastic,0.9590233564376831
data\trashnet\dataset-resized\plastic\plastic227.jpg,plastic,plastic,0.9857913255691528
data\trashnet\dataset-resized\plastic\plastic228.jpg,plastic,plastic,0.9216094613075256
data\trashnet\dataset-resized\plastic\plastic229.jpg,plastic,glass,0.5836207270622253
data\trashnet\dataset-resized\plastic\plastic23.jpg,plastic,glass,0.6145961284637451
data\trashnet\dataset-resized\plastic\plastic230.jpg,plastic,plastic,0.9993346333503723
data\trashnet\dataset-resized\plastic\plastic231.jpg,plastic,plastic,0.993054211139679
data\trashnet\dataset-resized\plastic\plastic232.jpg,plastic,plastic,0.738312840461731
data\trashnet\dataset-resized\plastic\plastic233.jpg,plastic,glass,0.9701167345046997
data\trashnet\dataset-resized\plastic\plastic234.jpg,plastic,plastic,0.9979233741760254
data\trashnet\dataset-resized\plastic\plastic235.jpg,plastic,plastic,0.9996829032897949
data\trashnet\dataset-resized\plastic\plastic236.jpg,plastic,plastic,0.9993060827255249
data\trashnet\dataset-resized\plastic\plastic237.jpg,plastic,plastic,0.9937747716903687
data\trashnet\dataset-resized\plastic\plastic238.jpg,plastic,plastic,0.9985629916191101
data\trashnet\dataset-resized\plastic\plastic239.jpg,plastic,plastic,0.9946427345275879
data\trashnet\dataset-resized\plastic\plastic24.jpg,plastic,plastic,0.9140989184379578
data\trashnet\dataset-resized\plastic\plastic240.jpg,plastic,plastic,0.9949905276298523
data\trashnet\dataset-resized\plastic\plastic241.jpg,plastic,plastic,0.9979844093322754
data\trashnet\dataset-resized\plastic\plastic242.jpg,plastic,glass,0.6188591718673706
data\trashnet\dataset-resized\plastic\plastic243.jpg,plastic,plastic,0.9967421889305115
data\trashnet\dataset-resized\plastic\plastic244.jpg,plastic,plastic,0.9566434025764465
data\trashnet\dataset-resized\plastic\plastic245.jpg,plastic,plastic,0.9996622800827026
data\trashnet\dataset-resized\plastic\plastic246.jpg,plastic,plastic,0.9967983365058899
data\trashnet\dataset-resized\plastic\plastic247.jpg,plastic,plastic,0.9884430766105652
data\trashnet\dataset-resized\plastic\plastic248.jpg,plastic,plastic,0.9776667952537537
data\trashnet\dataset-resized\plastic\plastic249.jpg,plastic,plastic,0.8898380398750305
data\trashnet\dataset-resized\plastic\plastic25.jpg,plastic,plastic,0.9963206052780151
data\trashnet\dataset-resized\plastic\plastic250.jpg,plastic,plastic,0.9958662986755371
data\trashnet\dataset-resized\plastic\plastic251.jpg,plastic,plastic,0.9994643330574036
data\trashnet\dataset-resized\plastic\plastic252.jpg,plastic,plastic,0.5454159379005432
data\trashnet\dataset-resized\plastic\plastic253.jpg,plastic,plastic,0.9601629972457886
data\trashnet\dataset-resized\plastic\plastic254.jpg,plastic,plastic,0.9979922771453857
data\trashnet\dataset-resized\plastic\plastic255.jpg,plastic,plastic,0.8446452617645264
data\trashnet\dataset-resized\plastic\plastic256.jpg,plastic,plastic,0.9782667756080627
data\trashnet\dataset-resized\plastic\plastic257.jpg,plastic,plastic,0.9954673051834106
data\trashnet\dataset-resized\plastic\plastic258.jpg,plastic,plastic,0.9982253909111023
data\trashnet\dataset-resized\plastic\plastic259.jpg,plastic,metal,0.42232030630111694
data\trashnet\dataset-resized\plastic\plastic26.jpg,plastic,plastic,0.9797134399414062
data\trashnet\dataset-resized\plastic\plastic260.jpg,plastic,glass,0.5400060415267944
data\trashnet\dataset-resized\plastic\plastic261.jpg,plastic,plastic,0.9777829051017761
data\trashnet\dataset-resized\plastic\plastic262.jpg,plastic,plastic,0.9945856928825378
data\trashnet\dataset-resized\plastic\plastic263.jpg,plastic,plastic,0.907528281211853
data\trashnet\dataset-resized\plastic\plastic264.jpg,plastic,plastic,0.8214260935783386
data\trashnet\dataset-resized\plastic\plastic265.jpg,plastic,plastic,0.996677041053772
data\trashnet\dataset-resized\plastic\plastic266.jpg,plastic,plastic,0.9518193006515503
data\trashnet\dataset-resized\plastic\plastic267.jpg,plastic,plastic,0.9709031581878662
data\trashnet\dataset-resized\plastic\plastic268.jpg,plastic,plastic,0.9084082841873169
data\trashnet\dataset-resized\plastic\plastic269.jpg,plastic,plastic,0.9954164028167725
data\trashnet\dataset-resized\plastic\plastic27.jpg,plastic,plastic,0.9889312386512756
data\trashnet\dataset-resized\plastic\plastic270.jpg,plastic,plastic,0.9284476637840271
data\trashnet\dataset-resized\plastic\plastic271.jpg,plastic,plastic,0.8894352316856384
data\trashnet\dataset-resized\plastic\plastic272.jpg,plastic,plastic,0.8181349039077759
data\trashnet\dataset-resized\plastic\plastic273.jpg,plastic,plastic,0.9920673370361328
data\trashnet\dataset-resized\plastic\plastic274.jpg,plastic,plastic,0.904197096824646
data\trashnet\dataset-resized\plastic\plastic275.jpg,plastic,plastic,0.997627317905426
data\trashnet\dataset-resized\plastic\plastic276.jpg,plastic,plastic,0.9983671307563782
data\trashnet\dataset-resized\plastic\plastic277.jpg,plastic,plastic,0.9969072937965393
data\trashnet\dataset-resized\plastic\plastic278.jpg,plastic,plastic,0.9755581617355347
data\trashnet\dataset-resized\plastic\plastic279.jpg,plastic,plastic,0.995311439037323
data\trashnet\dataset-resized\plastic\plastic28.jpg,plastic,plastic,0.9681785702705383
data\trashnet\dataset-resized\plastic\plastic280.jpg,plastic,plastic,0.9699479937553406
data\trashnet\dataset-resized\plastic\plastic281.jpg,plastic,plastic,0.9672794342041016
data\trashnet\dataset-resized\plastic\plastic282.jpg,plastic,plastic,0.9967418313026428
data\trashnet\dataset-resized\plastic\plastic283.jpg,plastic,plastic,0.7467370629310608
data\trashnet\dataset-resized\plastic\plastic284.jpg,plastic,plastic,0.9903648495674133
data\trashnet\dataset-resized\plastic\plastic285.jpg,plastic,plastic,0.9923768043518066
data\trashnet\dataset-resized\plastic\plastic286.jpg,plastic,plastic,0.9359356760978699
data\trashnet\dataset-resized\plastic\plastic287.jpg,plastic,plastic,0.9976072311401367
data\trashnet\dataset-resized\plastic\plastic288.jpg,plastic,plastic,0.9975767731666565
data\trashnet\dataset-resized\plastic\plastic289.jpg,plastic,plastic,0.9920133948326111
data\trashnet\dataset-resized\plastic\plastic29.jpg,plastic,plastic,0.995236873626709
data\trashnet\dataset-resized\plastic\plastic290.jpg,plastic,plastic,0.60112464427948
data\trashnet\dataset-resized\plastic\plastic291.jpg,plastic,plastic,0.994553804397583
data\trashnet\dataset-resized\plastic\plastic292.jpg,plastic,plastic,0.9987393021583557
data\trashnet\dataset-resized\plastic\plastic293.jpg,plastic,plastic,0.9980406165122986
data\trashnet\dataset-resized\plastic\plastic294.jpg,plastic,plastic,0.998441755771637
data\trashnet\dataset-resized\plastic\plastic295.jpg,plastic,plastic,0.9956440925598145
data\trashnet\dataset-resized\plastic\plastic296.jpg,plastic,plastic,0.9988663196563721
data\trashnet\dataset-resized\plastic\plastic297.jpg,plastic,plastic,0.9503694772720337
data\trashnet\dataset-resized\plastic\plastic298.jpg,plastic,plastic,0.9964404702186584
data\trashnet\dataset-resized\plastic\plastic299.jpg,plastic,glass,0.567880392074585
data\trashnet\dataset-resized\plastic\plastic3.jpg,plastic,plastic,0.9921706318855286
data\trashnet\dataset-resized\plastic\plastic30.jpg,plastic,plastic,0.9806813597679138
data\trashnet\dataset-resized\plastic\plastic300.jpg,plastic,plastic,0.8968909978866577
data\trashnet\dataset-resized\plastic\plastic301.jpg,plastic,plastic,0.9452900886535645
data\trashnet\dataset-resized\plastic\plastic302.jpg,plastic,plastic,0.9499151706695557
data\trashnet\dataset-resized\plastic\plastic303.jpg,plastic,plastic,0.42914125323295593
data\trashnet\dataset-resized\plastic\plastic304.jpg,plastic,plastic,0.9970059990882874
data\trashnet\dataset-resized\plastic\plastic305.jpg,plastic,plastic,0.9992493987083435
data\trashnet\dataset-resized\plastic\plastic306.jpg,plastic,plastic,0.9822706580162048
data\trashnet\dataset-resized\plastic\plastic307.jpg,plastic,metal,0.5144100189208984
data\trashnet\dataset-resized\plastic\plastic308.jpg,plastic,plastic,0.9920225143432617
data\trashnet\dataset-resized\plastic\plastic309.jpg,plastic,plastic,0.5163599848747253
data\trashnet\dataset-resized\plastic\plastic31.jpg,plastic,plastic,0.9327552914619446
data\trashnet\dataset-resized\plastic\plastic310.jpg,plastic,plastic,0.9995239973068237
data\trashnet\dataset-resized\plastic\plastic311.jpg,plastic,plastic,0.8562206625938416
data\trashnet\dataset-resized\plastic\plastic312.jpg,plastic,plastic,0.9172261357307434
data\trashnet\dataset-resized\plastic\plastic313.jpg,plastic,plastic,0.9973902106285095
data\trashnet\dataset-resized\plastic\plastic314.jpg,plastic,plastic,0.9985421895980835
data\trashnet\dataset-resized\plastic\plastic315.jpg,plastic,plastic,0.9987872242927551
data\trashnet\dataset-resized\plastic\plastic316.jpg,plastic,plastic,0.9388077855110168
data\trashnet\dataset-resized\plastic\plastic317.jpg,plastic,plastic,0.7395739555358887
data\trashnet\dataset-resized\plastic\plastic318.jpg,plastic,plastic,0.9993305206298828
data\trashnet\dataset-resized\plastic\plastic319.jpg,plastic,plastic,0.9974599480628967
data\trashnet\dataset-resized\plastic\plastic32.jpg,plastic,plastic,0.9984196424484253
data\trashnet\dataset-resized\plastic\plastic320.jpg,plastic,plastic,0.9974043965339661
data\trashnet\dataset-resized\plastic\plastic321.jpg,plastic,plastic,0.9819965362548828
data\trashnet\dataset-resized\plastic\plastic322.jpg,plastic,plastic,0.6283566951751709
data\trashnet\dataset-resized\plastic\plastic323.jpg,plastic,plastic,0.9895742535591125
data\trashnet\dataset-resized\plastic\plastic324.jpg,plastic,plastic,0.98680579662323
data\trashnet\dataset-resized\plastic\plastic325.jpg,plastic,plastic,0.996161937713623
data\trashnet\dataset-resized\plastic\plastic326.jpg,plastic,plastic,0.9994603991508484
data\trashnet\dataset-resized\plastic\plastic327.jpg,plastic,plastic,0.8175114989280701
data\trashnet\dataset-resized\plastic\plastic328.jpg,plastic,plastic,0.9952810406684875
data\trashnet\dataset-resized\plastic\plastic329.jpg,plastic,glass,0.7868286967277527
data\trashnet\dataset-resized\plastic\plastic33.jpg,plastic,metal,0.6257938146591187
data\trashnet\dataset-resized\plastic\plastic330.jpg,plastic,plastic,0.9993114471435547
data\trashnet\dataset-resized\plastic\plastic331.jpg,plastic,plastic,0.9993937015533447
data\trashnet\dataset-resized\plastic\plastic332.jpg,plastic,plastic,0.9440776705741882
data\trashnet\dataset-resized\plastic\plastic333.jpg,plastic,plastic,0.977165699005127
data\trashnet\dataset-resized\plastic\plastic334.jpg,plastic,plastic,0.965362012386322
data\trashnet\dataset-resized\plastic\plastic335.jpg,plastic,plastic,0.9904218912124634
data\trashnet\dataset-resized\plastic\plastic336.jpg,plastic,plastic,0.9958068132400513
data\trashnet\dataset-resized\plastic\plastic337.jpg,plastic,glass,0.8153640627861023
data\trashnet\dataset-resized\plastic\plastic338.jpg,plastic,plastic,0.8953444361686707
data\trashnet\dataset-resized\plastic\plastic339.jpg,plastic,plastic,0.970400869846344
data\trashnet\dataset-resized\plastic\plastic34.jpg,plastic,plastic,0.9987855553627014
data\trashnet\dataset-resized\plastic\plastic340.jpg,plastic,plastic,0.9919885993003845
data\trashnet\dataset-resized\plastic\plastic341.jpg,plastic,plastic,0.7920100688934326
data\trashnet\dataset-resized\plastic\plastic342.jpg,plastic,plastic,0.967948853969574
data\trashnet\dataset-resized\plastic\plastic343.jpg,plastic,plastic,0.9199370741844177
data\trashnet\dataset-resized\plastic\plastic344.jpg,plastic,plastic,0.9810163378715515
data\trashnet\dataset-resized\plastic\plastic345.jpg,plastic,plastic,0.8656917810440063
data\trashnet\dataset-resized\plastic\plastic346.jpg,plastic,plastic,0.9971305727958679
data\trashnet\dataset-resized\plastic\plastic347.jpg,plastic,plastic,0.9958899617195129
data\trashnet\dataset-resized\plastic\plastic348.jpg,plastic,plastic,0.8506842255592346
data\trashnet\dataset-resized\plastic\plastic349.jpg,plastic,plastic,0.935707151889801
data\trashnet\dataset-resized\plastic\plastic35.jpg,plastic,plastic,0.9103471636772156
data\trashnet\dataset-resized\plastic\plastic350.jpg,plastic,plastic,0.9641250371932983
data\trashnet\dataset-resized\plastic\plastic351.jpg,plastic,plastic,0.9947028756141663
data\trashnet\dataset-resized\plastic\plastic352.jpg,plastic,plastic,0.9953409433364868
data\trashnet\dataset-resized\plastic\plastic353.jpg,plastic,plastic,0.9995898604393005
data\trashnet\dataset-resized\plastic\plastic354.jpg,plastic,plastic,0.999473512172699
data\trashnet\dataset-resized\plastic\plastic355.jpg,plastic,plastic,0.9566389322280884
data\trashnet\dataset-resized\plastic\plastic356.jpg,plastic,metal,0.6602597236633301
data\trashnet\dataset-resized\plastic\plastic357.jpg,plastic,plastic,0.8814697265625
data\trashnet\dataset-resized\plastic\plastic358.jpg,plastic,plastic,0.9263437986373901
data\trashnet\dataset-resized\plastic\plastic359.jpg,plastic,plastic,0.9972913861274719
data\trashnet\dataset-resized\plastic\plastic36.jpg,plastic,plastic,0.9913601279258728
data\trashnet\dataset-resized\plastic\plastic360.jpg,plastic,plastic,0.9987053871154785
data\trashnet\dataset-resized\plastic\plastic361.jpg,plastic,plastic,0.9521481394767761
data\trashnet\dataset-resized\plastic\plastic362.jpg,plastic,plastic,0.8962801098823547
data\trashnet\dataset-resized\plastic\plastic363.jpg,plastic,plastic,0.937741219997406
data\trashnet\dataset-resized\plastic\plastic364.jpg,plastic,plastic,0.9971420168876648
data\trashnet\dataset-resized\plastic\plastic365.jpg,plastic,plastic,0.9978006482124329
data\trashnet\dataset-resized\plastic\plastic366.jpg,plastic,glass,0.4933875799179077
data\trashnet\dataset-resized\plastic\plastic367.jpg,plastic,plastic,0.9971644282341003
data\trashnet\dataset-resized\plastic\plastic368.jpg,plastic,plastic,0.7367838621139526
data\trashnet\dataset-resized\plastic\plastic369.jpg,plastic,plastic,0.8724663853645325
data\trashnet\dataset-resized\plastic\plastic37.jpg,plastic,plastic,0.9928263425827026
data\trashnet\dataset-resized\plastic\plastic370.jpg,plastic,plastic,0.987905740737915
data\trashnet\dataset-resized\plastic\plastic371.jpg,plastic,plastic,0.9732093214988708
data\trashnet\dataset-resized\plastic\plastic372.jpg,plastic,plastic,0.9747416377067566
data\trashnet\dataset-resized\plastic\plastic373.jpg,plastic,plastic,0.9992609620094299
data\trashnet\dataset-resized\plastic\plastic374.jpg,plastic,plastic,0.9979460835456848
data\trashnet\dataset-resized\plastic\plastic375.jpg,plastic,plastic,0.9882956743240356
data\trashnet\dataset-resized\plastic\plastic376.jpg,plastic,plastic,0.9992520213127136
data\trashnet\dataset-resized\plastic\plastic377.jpg,plastic,plastic,0.9584347605705261
data\trashnet\dataset-resized\plastic\plastic378.jpg,plastic,plastic,0.9998227953910828
data\trashnet\dataset-resized\plastic\plastic379.jpg,plastic,plastic,0.994577169418335
data\trashnet\dataset-resized\plastic\plastic38.jpg,plastic,plastic,0.9637230634689331
data\trashnet\dataset-resized\plastic\plastic380.jpg,plastic,plastic,0.9994082450866699
data\trashnet\dataset-resized\plastic\plastic381.jpg,plastic,plastic,0.9935864806175232
data\trashnet\dataset-resized\plastic\plastic382.jpg,plastic,plastic,0.9907604455947876
data\trashnet\dataset-resized\plastic\plastic383.jpg,plastic,plastic,0.9721744060516357
data\trashnet\dataset-resized\plastic\plastic384.jpg,plastic,plastic,0.9659522771835327
data\trashnet\dataset-resized\plastic\plastic385.jpg,plastic,glass,0.6353349685668945
data\trashnet\dataset-resized\plastic\plastic386.jpg,plastic,plastic,0.9975740313529968
data\trashnet\dataset-resized\plastic\plastic387.jpg,plastic,plastic,0.9992114305496216
data\trashnet\dataset-resized\plastic\plastic388.jpg,plastic,plastic,0.9948723912239075
data\trashnet\dataset-resized\plastic\plastic389.jpg,plastic,plastic,0.9600242972373962
data\trashnet\dataset-resized\plastic\plastic39.jpg,plastic,plastic,0.9811129570007324
data\trashnet\dataset-resized\plastic\plastic390.jpg,plastic,plastic,0.9945249557495117
data\trashnet\dataset-resized\plastic\plastic391.jpg,plastic,plastic,0.982084333896637
data\trashnet\dataset-resized\plastic\plastic392.jpg,plastic,plastic,0.8542097806930542
data\trashnet\dataset-resized\plastic\plastic393.jpg,plastic,plastic,0.9985874891281128
data\trashnet\dataset-resized\plastic\plastic394.jpg,plastic,plastic,0.9972041845321655
data\trashnet\dataset-resized\plastic\plastic395.jpg,plastic,plastic,0.9976320266723633
data\trashnet\dataset-resized\plastic\plastic396.jpg,plastic,plastic,0.9982151985168457
data\trashnet\dataset-resized\plastic\plastic397.jpg,plastic,plastic,0.9984251260757446
data\trashnet\dataset-resized\plastic\plastic398.jpg,plastic,glass,0.8549702167510986
data\trashnet\dataset-resized\plastic\plastic399.jpg,plastic,plastic,0.974716067314148
data\trashnet\dataset-resized\plastic\plastic4.jpg,plastic,metal,0.6345977783203125
data\trashnet\dataset-resized\plastic\plastic40.jpg,plastic,glass,0.941389799118042
data\trashnet\dataset-resized\plastic\plastic400.jpg,plastic,plastic,0.994687557220459
data\trashnet\dataset-resized\plastic\plastic401.jpg,plastic,plastic,0.9887732863426208
data\trashnet\dataset-resized\plastic\plastic402.jpg,plastic,plastic,0.9466498494148254
data\trashnet\dataset-resized\plastic\plastic403.jpg,plastic,plastic,0.995276927947998
data\trashnet\dataset-resized\plastic\plastic404.jpg,plastic,plastic,0.9803842902183533
data\trashnet\dataset-resized\plastic\plastic405.jpg,plastic,plastic,0.9717729091644287
data\trashnet\dataset-resized\plastic\plastic406.jpg,plastic,plastic,0.9312458038330078
data\trashnet\dataset-resized\plastic\plastic407.jpg,plastic,plastic,0.9955618381500244
data\trashnet\dataset-resized\plastic\plastic408.jpg,plastic,plastic,0.9945289492607117
data\trashnet\dataset-resized\plastic\plastic409.jpg,plastic,plastic,0.9990394711494446
data\trashnet\dataset-resized\plastic\plastic41.jpg,plastic,glass,0.9030817151069641
data\trashnet\dataset-resized\plastic\plastic410.jpg,plastic,plastic,0.9968408346176147
data\trashnet\dataset-resized\plastic\plastic411.jpg,plastic,plastic,0.9823637008666992
data\trashnet\dataset-resized\plastic\plastic412.jpg,plastic,plastic,0.4900285005569458
data\trashnet\dataset-resized\plastic\plastic413.jpg,plastic,plastic,0.49640199542045593
data\trashnet\dataset-resized\plastic\plastic414.jpg,plastic,plastic,0.989074170589447
data\trashnet\dataset-resized\plastic\plastic415.jpg,plastic,glass,0.8831968307495117
data\trashnet\dataset-resized\plastic\plastic416.jpg,plastic,plastic,0.9858239889144897
data\trashnet\dataset-resized\plastic\plastic417.jpg,plastic,plastic,0.9996739625930786
data\trashnet\dataset-resized\plastic\plastic418.jpg,plastic,plastic,0.9971241354942322
data\trashnet\dataset-resized\plastic\plastic419.jpg,plastic,plastic,0.9978501796722412
data\trashnet\dataset-resized\plastic\plastic42.jpg,plastic,plastic,0.9709681272506714
data\trashnet\dataset-resized\plastic\plastic420.jpg,plastic,plastic,0.9300194382667542
data\trashnet\dataset-resized\plastic\plastic421.jpg,plastic,plastic,0.9902305006980896
data\trashnet\dataset-resized\plastic\plastic422.jpg,plastic,plastic,0.9994779229164124
data\trashnet\dataset-resized\plastic\plastic423.jpg,plastic,plastic,0.9875776767730713
data\trashnet\dataset-resized\plastic\plastic424.jpg,plastic,plastic,0.96422278881073
data\trashnet\dataset-resized\plastic\plastic425.jpg,plastic,plastic,0.9927917718887329
data\trashnet\dataset-resized\plastic\plastic426.jpg,plastic,plastic,0.5744842290878296
data\trashnet\dataset-resized\plastic\plastic427.jpg,plastic,plastic,0.9772138595581055
data\trashnet\dataset-resized\plastic\plastic428.jpg,plastic,plastic,0.9878520965576172
data\trashnet\dataset-resized\plastic\plastic429.jpg,plastic,plastic,0.9917972087860107
data\trashnet\dataset-resized\plastic\plastic43.jpg,plastic,plastic,0.8230074644088745
data\trashnet\dataset-resized\plastic\plastic430.jpg,plastic,plastic,0.994674563407898
data\trashnet\dataset-resized\plastic\plastic431.jpg,plastic,plastic,0.9956133365631104
data\trashnet\dataset-resized\plastic\plastic432.jpg,plastic,glass,0.5956942439079285
data\trashnet\dataset-resized\plastic\plastic433.jpg,plastic,plastic,0.9982441663742065
data\trashnet\dataset-resized\plastic\plastic434.jpg,plastic,plastic,0.9802525043487549
data\trashnet\dataset-resized\plastic\plastic435.jpg,plastic,plastic,0.9708803296089172
data\trashnet\dataset-resized\plastic\plastic436.jpg,plastic,plastic,0.5114895105361938
data\trashnet\dataset-resized\plastic\plastic437.jpg,plastic,plastic,0.9984979629516602
data\trashnet\dataset-resized\plastic\plastic438.jpg,plastic,plastic,0.978181779384613
data\trashnet\dataset-resized\plastic\plastic439.jpg,plastic,plastic,0.9983807802200317
data\trashnet\dataset-resized\plastic\plastic44.jpg,plastic,plastic,0.9995564818382263
data\trashnet\dataset-resized\plastic\plastic440.jpg,plastic,plastic,0.9980474710464478
data\trashnet\dataset-resized\plastic\plastic441.jpg,plastic,glass,0.9918573498725891
data\trashnet\dataset-resized\plastic\plastic442.jpg,plastic,plastic,0.9791229963302612
data\trashnet\dataset-resized\plastic\plastic443.jpg,plastic,plastic,0.9723062515258789
data\trashnet\dataset-resized\plastic\plastic444.jpg,plastic,glass,0.620901346206665
data\trashnet\dataset-resized\plastic\plastic445.jpg,plastic,plastic,0.628805935382843
data\trashnet\dataset-resized\plastic\plastic446.jpg,plastic,plastic,0.9960915446281433
data\trashnet\dataset-resized\plastic\plastic447.jpg,plastic,plastic,0.9966185092926025
data\trashnet\dataset-resized\plastic\plastic448.jpg,plastic,plastic,0.8946481943130493
data\trashnet\dataset-resized\plastic\plastic449.jpg,plastic,plastic,0.5616508722305298
data\trashnet\dataset-resized\plastic\plastic45.jpg,plastic,plastic,0.9646898508071899
data\trashnet\dataset-resized\plastic\plastic450.jpg,plastic,plastic,0.9879783391952515
data\trashnet\dataset-resized\plastic\plastic451.jpg,plastic,plastic,0.9864553213119507
data\trashnet\dataset-resized\plastic\plastic452.jpg,plastic,trash,0.5427441000938416
data\trashnet\dataset-resized\plastic\plastic453.jpg,plastic,plastic,0.850311279296875
data\trashnet\dataset-resized\plastic\plastic454.jpg,plastic,plastic,0.7267781496047974
data\trashnet\dataset-resized\plastic\plastic455.jpg,plastic,plastic,0.9675827622413635
data\trashnet\dataset-resized\plastic\plastic456.jpg,plastic,plastic,0.7666131854057312
data\trashnet\dataset-resized\plastic\plastic457.jpg,plastic,plastic,0.5900882482528687
data\trashnet\dataset-resized\plastic\plastic458.jpg,plastic,plastic,0.9933152794837952
data\trashnet\dataset-resized\plastic\plastic459.jpg,plastic,plastic,0.3424359858036041
data\trashnet\dataset-resized\plastic\plastic46.jpg,plastic,plastic,0.9878616333007812
data\trashnet\dataset-resized\plastic\plastic460.jpg,plastic,plastic,0.8164424300193787
data\trashnet\dataset-resized\plastic\plastic461.jpg,plastic,plastic,0.9243273138999939
data\trashnet\dataset-resized\plastic\plastic462.jpg,plastic,paper,0.5297859311103821
data\trashnet\dataset-resized\plastic\plastic463.jpg,plastic,plastic,0.8633354306221008
data\trashnet\dataset-resized\plastic\plastic464.jpg,plastic,plastic,0.9644105434417725
data\trashnet\dataset-resized\plastic\plastic465.jpg,plastic,plastic,0.9752396941184998
data\trashnet\dataset-resized\plastic\plastic466.jpg,plastic,trash,0.5844736695289612
data\trashnet\dataset-resized\plastic\plastic467.jpg,plastic,metal,0.7808531522750854
data\trashnet\dataset-resized\plastic\plastic468.jpg,plastic,plastic,0.9967666864395142
data\trashnet\dataset-resized\plastic\plastic469.jpg,plastic,glass,0.8598468899726868
data\trashnet\dataset-resized\plastic\plastic47.jpg,plastic,plastic,0.9963685274124146
data\trashnet\dataset-resized\plastic\plastic470.jpg,plastic,plastic,0.9786564111709595
data\trashnet\dataset-resized\plastic\plastic471.jpg,plastic,plastic,0.9988150596618652
data\trashnet\dataset-resized\plastic\plastic472.jpg,plastic,plastic,0.9993656277656555
data\trashnet\dataset-resized\plastic\plastic473.jpg,plastic,plastic,0.9989153146743774
data\trashnet\dataset-resized\plastic\plastic474.jpg,plastic,plastic,0.8419272899627686
data\trashnet\dataset-resized\plastic\plastic475.jpg,plastic,plastic,0.9589220881462097
data\trashnet\dataset-resized\plastic\plastic476.jpg,plastic,plastic,0.9762025475502014
data\trashnet\dataset-resized\plastic\plastic477.jpg,plastic,plastic,0.9478533267974854
data\trashnet\dataset-resized\plastic\plastic478.jpg,plastic,plastic,0.7487686276435852
data\trashnet\dataset-resized\plastic\plastic479.jpg,plastic,plastic,0.9568144083023071
data\trashnet\dataset-resized\plastic\plastic48.jpg,plastic,plastic,0.9976469874382019
data\trashnet\dataset-resized\plastic\plastic480.jpg,plastic,plastic,0.746297299861908
data\trashnet\dataset-resized\plastic\plastic481.jpg,plastic,paper,0.7095861434936523
data\trashnet\dataset-resized\plastic\plastic482.jpg,plastic,paper,0.6679216623306274
data\trashnet\dataset-resized\plastic\plastic49.jpg,plastic,plastic,0.9911099672317505
data\trashnet\dataset-resized\plastic\plastic5.jpg,plastic,plastic,0.9985632300376892
data\trashnet\dataset-resized\plastic\plastic50.jpg,plastic,plastic,0.9564168453216553
data\trashnet\dataset-resized\plastic\plastic51.jpg,plastic,plastic,0.9451500177383423
data\trashnet\dataset-resized\plastic\plastic52.jpg,plastic,plastic,0.5343427658081055
data\trashnet\dataset-resized\plastic\plastic53.jpg,plastic,plastic,0.9796997904777527
data\trashnet\dataset-resized\plastic\plastic54.jpg,plastic,plastic,0.9594550132751465
data\trashnet\dataset-resized\plastic\plastic55.jpg,plastic,plastic,0.9791857600212097
data\trashnet\dataset-resized\plastic\plastic56.jpg,plastic,plastic,0.96701580286026
data\trashnet\dataset-resized\plastic\plastic57.jpg,plastic,plastic,0.9663410782814026
data\trashnet\dataset-resized\plastic\plastic58.jpg,plastic,glass,0.5196824073791504
data\trashnet\dataset-resized\plastic\plastic59.jpg,plastic,plastic,0.9602532386779785
data\trashnet\dataset-resized\plastic\plastic6.jpg,plastic,plastic,0.7744967937469482
data\trashnet\dataset-resized\plastic\plastic60.jpg,plastic,plastic,0.9995543360710144
data\trashnet\dataset-resized\plastic\plastic61.jpg,plastic,plastic,0.9973627924919128
data\trashnet\dataset-resized\plastic\plastic62.jpg,plastic,plastic,0.999761164188385
data\trashnet\dataset-resized\plastic\plastic63.jpg,plastic,plastic,0.9948023557662964
data\trashnet\dataset-resized\plastic\plastic64.jpg,plastic,plastic,0.9857909679412842
data\trashnet\dataset-resized\plastic\plastic65.jpg,plastic,plastic,0.968003511428833
data\trashnet\dataset-resized\plastic\plastic66.jpg,plastic,plastic,0.9754306674003601
data\trashnet\dataset-resized\plastic\plastic67.jpg,plastic,plastic,0.9738621711730957
data\trashnet\dataset-resized\plastic\plastic68.jpg,plastic,glass,0.9733203053474426
data\trashnet\dataset-resized\plastic\plastic69.jpg,plastic,plastic,0.9941500425338745
data\trashnet\dataset-resized\plastic\plastic7.jpg,plastic,glass,0.7643623948097229
data\trashnet\dataset-resized\plastic\plastic70.jpg,plastic,plastic,0.9661287665367126
data\trashnet\dataset-resized\plastic\plastic71.jpg,plastic,plastic,0.9884576201438904
data\trashnet\dataset-resized\plastic\plastic72.jpg,plastic,plastic,0.9420223236083984
data\trashnet\dataset-resized\plastic\plastic73.jpg,plastic,plastic,0.9980810880661011
data\trashnet\dataset-resized\plastic\plastic74.jpg,plastic,plastic,0.957231879234314
data\trashnet\dataset-resized\plastic\plastic75.jpg,plastic,plastic,0.9987831711769104
data\trashnet\dataset-resized\plastic\plastic76.jpg,plastic,plastic,0.5360062718391418
data\trashnet\dataset-resized\plastic\plastic77.jpg,plastic,plastic,0.996853768825531
data\trashnet\dataset-resized\plastic\plastic78.jpg,plastic,plastic,0.9864227175712585
data\trashnet\dataset-resized\plastic\plastic79.jpg,plastic,plastic,0.7703216671943665
data\trashnet\dataset-resized\plastic\plastic8.jpg,plastic,plastic,0.8105567097663879
data\trashnet\dataset-resized\plastic\plastic80.jpg,plastic,plastic,0.9931065440177917
data\trashnet\dataset-resized\plastic\plastic81.jpg,plastic,plastic,0.9788137674331665
data\trashnet\dataset-resized\plastic\plastic82.jpg,plastic,plastic,0.9889766573905945
data\trashnet\dataset-resized\plastic\plastic83.jpg,plastic,plastic,0.9958601593971252
data\trashnet\dataset-resized\plastic\plastic84.jpg,plastic,plastic,0.6805312037467957
data\trashnet\dataset-resized\plastic\plastic85.jpg,plastic,plastic,0.5364081263542175
data\trashnet\dataset-resized\plastic\plastic86.jpg,plastic,glass,0.4903950095176697
data\trashnet\dataset-resized\plastic\plastic87.jpg,plastic,plastic,0.9929424524307251
data\trashnet\dataset-resized\plastic\plastic88.jpg,plastic,plastic,0.9949040412902832
data\trashnet\dataset-resized\plastic\plastic89.jpg,plastic,plastic,0.9056020379066467
data\trashnet\dataset-resized\plastic\plastic9.jpg,plastic,plastic,0.9434720277786255
data\trashnet\dataset-resized\plastic\plastic90.jpg,plastic,plastic,0.9206885695457458
data\trashnet\dataset-resized\plastic\plastic91.jpg,plastic,plastic,0.9971686005592346
data\trashnet\dataset-resized\plastic\plastic92.jpg,plastic,plastic,0.9988821148872375
data\trashnet\dataset-resized\plastic\plastic93.jpg,plastic,plastic,0.9864658713340759
data\trashnet\dataset-resized\plastic\plastic94.jpg,plastic,plastic,0.8470410704612732
data\trashnet\dataset-resized\plastic\plastic95.jpg,plastic,glass,0.5844767689704895
data\trashnet\dataset-resized\plastic\plastic96.jpg,plastic,plastic,0.998562753200531
data\trashnet\dataset-resized\plastic\plastic97.jpg,plastic,plastic,0.952193558216095
data\trashnet\dataset-resized\plastic\plastic98.jpg,plastic,metal,0.7591608762741089
data\trashnet\dataset-resized\plastic\plastic99.jpg,plastic,glass,0.9485806822776794
data\trashnet\dataset-resized\trash\trash1.jpg,trash,plastic,0.9956414699554443
data\trashnet\dataset-resized\trash\trash10.jpg,trash,metal,0.7432889938354492
data\trashnet\dataset-resized\trash\trash100.jpg,trash,paper,0.9855057001113892
data\trashnet\dataset-resized\trash\trash101.jpg,trash,paper,0.6707492470741272
data\trashnet\dataset-resized\trash\trash102.jpg,trash,plastic,0.997654914855957
data\trashnet\dataset-resized\trash\trash103.jpg,trash,paper,0.9781432151794434
data\trashnet\dataset-resized\trash\trash104.jpg,trash,paper,0.9865034818649292
data\trashnet\dataset-resized\trash\trash105.jpg,trash,plastic,0.7987809181213379
data\trashnet\dataset-resized\trash\trash106.jpg,trash,paper,0.9821228384971619
data\trashnet\dataset-resized\trash\trash107.jpg,trash,plastic,0.637040913105011
data\trashnet\dataset-resized\trash\trash108.jpg,trash,plastic,0.8214147090911865
data\trashnet\dataset-resized\trash\trash109.jpg,trash,plastic,0.8830611109733582
data\trashnet\dataset-resized\trash\trash11.jpg,trash,plastic,0.9846172332763672
data\trashnet\dataset-resized\trash\trash110.jpg,trash,plastic,0.9334855079650879
data\trashnet\dataset-resized\trash\trash111.jpg,trash,plastic,0.6076022386550903
data\trashnet\dataset-resized\trash\trash112.jpg,trash,plastic,0.9242165684700012
data\trashnet\dataset-resized\trash\trash113.jpg,trash,plastic,0.7411571741104126
data\trashnet\dataset-resized\trash\trash114.jpg,trash,plastic,0.736332356929779
data\trashnet\dataset-resized\trash\trash115.jpg,trash,plastic,0.9450242519378662
data\trashnet\dataset-resized\trash\trash116.jpg,trash,plastic,0.7009168863296509
data\trashnet\dataset-resized\trash\trash117.jpg,trash,plastic,0.6823412179946899
data\trashnet\dataset-resized\trash\trash118.jpg,trash,plastic,0.7709442973136902
data\trashnet\dataset-resized\trash\trash119.jpg,trash,plastic,0.7119272351264954
data\trashnet\dataset-resized\trash\trash12.jpg,trash,plastic,0.9975098371505737
data\trashnet\dataset-resized\trash\trash120.jpg,trash,metal,0.6164646744728088
data\trashnet\dataset-resized\trash\trash121.jpg,trash,plastic,0.5102068185806274
data\trashnet\dataset-resized\trash\trash122.jpg,trash,metal,0.8094106316566467
data\trashnet\dataset-resized\trash\trash123.jpg,trash,plastic,0.7549269795417786
data\trashnet\dataset-resized\trash\trash124.jpg,trash,plastic,0.7662479877471924
data\trashnet\dataset-resized\trash\trash125.jpg,trash,plastic,0.6289194226264954
data\trashnet\dataset-resized\trash\trash126.jpg,trash,plastic,0.6279595494270325
data\trashnet\dataset-resized\trash\trash127.jpg,trash,plastic,0.7838095426559448
data\trashnet\dataset-resized\trash\trash128.jpg,trash,plastic,0.4522469639778137
data\trashnet\dataset-resized\trash\trash129.jpg,trash,plastic,0.9924088716506958
data\trashnet\dataset-resized\trash\trash13.jpg,trash,paper,0.9939100742340088
data\trashnet\dataset-resized\trash\trash130.jpg,trash,plastic,0.9904990792274475
data\trashnet\dataset-resized\trash\trash131.jpg,trash,plastic,0.9957488775253296
data\trashnet\dataset-resized\trash\trash132.jpg,trash,glass,0.6308265924453735
data\trashnet\dataset-resized\trash\trash133.jpg,trash,plastic,0.9424464106559753
data\trashnet\dataset-resized\trash\trash134.jpg,trash,plastic,0.6909582614898682
data\trashnet\dataset-resized\trash\trash135.jpg,trash,cardboard,0.6757389903068542
data\trashnet\dataset-resized\trash\trash136.jpg,trash,paper,0.7345589399337769
data\trashnet\dataset-resized\trash\trash137.jpg,trash,paper,0.8385628461837769
data\trashnet\dataset-resized\trash\trash14.jpg,trash,glass,0.37799012660980225
data\trashnet\dataset-resized\trash\trash15.jpg,trash,plastic,0.7693701386451721
data\trashnet\dataset-resized\trash\trash16.jpg,trash,paper,0.9421765804290771
data\trashnet\dataset-resized\trash\trash17.jpg,trash,paper,0.851255476474762
data\trashnet\dataset-resized\trash\trash18.jpg,trash,plastic,0.9870498776435852
data\trashnet\dataset-resized\trash\trash19.jpg,trash,plastic,0.6015534996986389
data\trashnet\dataset-resized\trash\trash2.jpg,trash,plastic,0.45626160502433777
data\trashnet\dataset-resized\trash\trash20.jpg,trash,paper,0.9695608019828796
data\trashnet\dataset-resized\trash\trash21.jpg,trash,plastic,0.9696062803268433
data\trashnet\dataset-resized\trash\trash22.jpg,trash,plastic,0.9704355597496033
data\trashnet\dataset-resized\trash\trash23.jpg,trash,paper,0.9351199865341187
data\trashnet\dataset-resized\trash\trash24.jpg,trash,plastic,0.9903082251548767
data\trashnet\dataset-resized\trash\trash25.jpg,trash,plastic,0.9763167500495911
data\trashnet\dataset-resized\trash\trash26.jpg,trash,paper,0.8242098093032837
data\trashnet\dataset-resized\trash\trash27.jpg,trash,plastic,0.9475290179252625
data\trashnet\dataset-resized\trash\trash28.jpg,trash,plastic,0.8629133105278015
data\trashnet\dataset-resized\trash\trash29.jpg,trash,paper,0.5219390988349915
data\trashnet\dataset-resized\trash\trash3.jpg,trash,plastic,0.9199475646018982
data\trashnet\dataset-resized\trash\trash30.jpg,trash,paper,0.9882459044456482
data\trashnet\dataset-resized\trash\trash31.jpg,trash,paper,0.9146407842636108
data\trashnet\dataset-resized\trash\trash32.jpg,trash,plastic,0.8483514189720154
data\trashnet\dataset-resized\trash\trash33.jpg,trash,plastic,0.9865663647651672
data\trashnet\dataset-resized\trash\trash34.jpg,trash,plastic,0.7952141761779785
data\trashnet\dataset-resized\trash\trash35.jpg,trash,trash,0.5490416288375854
data\trashnet\dataset-resized\trash\trash36.jpg,trash,plastic,0.9186688661575317
data\trashnet\dataset-resized\trash\trash37.jpg,trash,paper,0.9445157647132874
data\trashnet\dataset-resized\trash\trash38.jpg,trash,plastic,0.9401258826255798
data\trashnet\dataset-resized\trash\trash39.jpg,trash,plastic,0.9392517805099487
data\trashnet\dataset-resized\trash\trash4.jpg,trash,plastic,0.997333288192749
data\trashnet\dataset-resized\trash\trash40.jpg,trash,glass,0.6546733379364014
data\trashnet\dataset-resized\trash\trash41.jpg,trash,plastic,0.8754268288612366
data\trashnet\dataset-resized\trash\trash42.jpg,trash,paper,0.9828829169273376
data\trashnet\dataset-resized\trash\trash43.jpg,trash,metal,0.5516214370727539
data\trashnet\dataset-resized\trash\trash44.jpg,trash,cardboard,0.4762563705444336
data\trashnet\dataset-resized\trash\trash45.jpg,trash,plastic,0.8849852681159973
data\trashnet\dataset-resized\trash\trash46.jpg,trash,plastic,0.995925784111023
data\trashnet\dataset-resized\trash\trash47.jpg,trash,plastic,0.9735225439071655
data\trashnet\dataset-resized\trash\trash48.jpg,trash,plastic,0.8074174523353577
data\trashnet\dataset-resized\trash\trash49.jpg,trash,paper,0.9856270551681519
data\trashnet\dataset-resized\trash\trash5.jpg,trash,plastic,0.9568457007408142
data\trashnet\dataset-resized\trash\trash50.jpg,trash,plastic,0.5720726847648621
data\trashnet\dataset-resized\trash\trash51.jpg,trash,plastic,0.6250286102294922
data\trashnet\dataset-resized\trash\trash52.jpg,trash,cardboard,0.7150153517723083
data\trashnet\dataset-resized\trash\trash53.jpg,trash,plastic,0.9581987261772156
data\trashnet\dataset-resized\trash\trash54.jpg,trash,plastic,0.9989770650863647
data\trashnet\dataset-resized\trash\trash55.jpg,trash,paper,0.9565016031265259
data\trashnet\dataset-resized\trash\trash56.jpg,trash,paper,0.9737657308578491
data\trashnet\dataset-resized\trash\trash57.jpg,trash,plastic,0.9955677390098572
data\trashnet\dataset-resized\trash\trash58.jpg,trash,paper,0.9698992371559143
data\trashnet\dataset-resized\trash\trash59.jpg,trash,paper,0.8732389211654663
data\trashnet\dataset-resized\trash\trash6.jpg,trash,plastic,0.8673608303070068
data\trashnet\dataset-resized\trash\trash60.jpg,trash,metal,0.8757672309875488
data\trashnet\dataset-resized\trash\trash61.jpg,trash,cardboard,0.9739915132522583
data\trashnet\dataset-resized\trash\trash62.jpg,trash,plastic,0.41693180799484253
data\trashnet\dataset-resized\trash\trash63.jpg,trash,plastic,0.860538899898529
data\trashnet\dataset-resized\trash\trash64.jpg,trash,cardboard,0.5729455947875977
data\trashnet\dataset-resized\trash\trash65.jpg,trash,paper,0.871974527835846
data\trashnet\dataset-resized\trash\trash66.jpg,trash,plastic,0.8136920928955078
data\trashnet\dataset-resized\trash\trash67.jpg,trash,paper,0.9908961653709412
data\trashnet\dataset-resized\trash\trash68.jpg,trash,plastic,0.8673454523086548
data\trashnet\dataset-resized\trash\trash69.jpg,trash,trash,0.5855324864387512
data\trashnet\dataset-resized\trash\trash7.jpg,trash,paper,0.892099142074585
data\trashnet\dataset-resized\trash\trash70.jpg,trash,plastic,0.966397762298584
data\trashnet\dataset-resized\trash\trash71.jpg,trash,plastic,0.5003185868263245
data\trashnet\dataset-resized\trash\trash72.jpg,trash,plastic,0.9857019186019897
data\trashnet\dataset-resized\trash\trash73.jpg,trash,plastic,0.7766801118850708
data\trashnet\dataset-resized\trash\trash74.jpg,trash,paper,0.9564629793167114
data\trashnet\dataset-resized\trash\trash75.jpg,trash,plastic,0.7341321706771851
data\trashnet\dataset-resized\trash\trash76.jpg,trash,plastic,0.44073930382728577
data\trashnet\dataset-resized\trash\trash77.jpg,trash,cardboard,0.9810127019882202
data\trashnet\dataset-resized\trash\trash78.jpg,trash,plastic,0.9834198951721191
data\trashnet\dataset-resized\trash\trash79.jpg,trash,plastic,0.9487485289573669
data\trashnet\dataset-resized\trash\trash8.jpg,trash,paper,0.9786223769187927
data\trashnet\dataset-resized\trash\trash80.jpg,trash,plastic,0.483452171087265
data\trashnet\dataset-resized\trash\trash81.jpg,trash,paper,0.9867194294929504
data\trashnet\dataset-resized\trash\trash82.jpg,trash,plastic,0.533979058265686
data\trashnet\dataset-resized\trash\trash83.jpg,trash,plastic,0.6056989431381226
data\trashnet\dataset-resized\trash\trash84.jpg,trash,paper,0.9933030605316162
data\trashnet\dataset-resized\trash\trash85.jpg,trash,cardboard,0.511410117149353
data\trashnet\dataset-resized\trash\trash86.jpg,trash,plastic,0.5872614979743958
data\trashnet\dataset-resized\trash\trash87.jpg,trash,plastic,0.7102247476577759
data\trashnet\dataset-resized\trash\trash88.jpg,trash,plastic,0.995053231716156
data\trashnet\dataset-resized\trash\trash89.jpg,trash,plastic,0.8713734149932861
data\trashnet\dataset-resized\trash\trash9.jpg,trash,plastic,0.9419675469398499
data\trashnet\dataset-resized\trash\trash90.jpg,trash,paper,0.8171603679656982
data\trashnet\dataset-resized\trash\trash91.jpg,trash,plastic,0.7702926397323608
data\trashnet\dataset-resized\trash\trash92.jpg,trash,cardboard,0.8364401459693909
data\trashnet\dataset-resized\trash\trash93.jpg,trash,glass,0.601270318031311
data\trashnet\dataset-resized\trash\trash94.jpg,trash,cardboard,0.5461355447769165
data\trashnet\dataset-resized\trash\trash95.jpg,trash,paper,0.7491294741630554
data\trashnet\dataset-resized\trash\trash96.jpg,trash,paper,0.9490748643875122
data\trashnet\dataset-resized\trash\trash97.jpg,trash,plastic,0.9816639423370361
data\trashnet\dataset-resized\trash\trash98.jpg,trash,plastic,0.9910780787467957
data\trashnet\dataset-resized\trash\trash99.jpg,trash,plastic,0.9230266213417053
